Name,Year Drafted,GP,MIN,PTS,FGM,FGA,3P Made,3PA,FTM,FTA,OREB,DREB,REB,AST,STL,BLK,TOV,Last 5 Years?
Jared Sullinger,2012,45,19.8,6,2.5,5,0,0.1,1,1.4,2,3.8,5.9,0.8,0.5,0.5,0.6,0
Jeff Taylor,2012,77,19.6,6.1,2.2,5.2,0.7,2,1,1.3,0.7,1.3,1.9,0.8,0.6,0.2,0.6,0
Chris Copeland,2012,56,15.4,8.7,3.3,6.8,1.1,2.5,1.1,1.5,0.6,1.5,2.1,0.5,0.3,0.2,0.9,0
Kendall Marshall,2012,48,14.6,3,1.2,3.1,0.5,1.5,0.2,0.3,0.1,0.8,0.9,3,0.5,0.1,1.2,0
Darius Miller,2012,52,13.3,2.3,0.8,2.1,0.4,1.1,0.2,0.2,0.2,1.3,1.5,0.8,0.3,0.2,0.4,0
DeQuan Jones,2012,63,12.7,3.7,1.5,3.5,0.1,0.6,0.5,0.8,0.3,1.4,1.7,0.3,0.3,0.3,0.5,0
Doron Lamb,2012,47,12.3,3.3,1.3,3.5,0.3,0.8,0.4,0.7,0.2,0.8,1,0.7,0.3,0,0.6,0
Orlando Johnson,2012,51,12.1,4,1.4,3.5,0.7,1.8,0.5,0.6,0.4,1.8,2.2,0.9,0.2,0.2,0.6,0
Arnett Moultrie,2012,47,11.5,3.7,1.7,2.9,0,0,0.4,0.6,1.6,1.5,3.1,0.2,0.4,0.2,0.4,0
Bernard James,2012,46,9.9,2.8,1.2,2.2,0,0,0.5,0.9,1.1,1.7,2.8,0.1,0.3,0.8,0.4,0
Kim English,2012,41,9.9,2.9,1,2.7,0.3,1.2,0.5,0.7,0.2,0.7,0.9,0.6,0.4,0.1,0.5,0
Marquis Teague,2012,48,8.2,2.1,0.9,2.4,0.1,0.5,0.2,0.3,0.1,0.9,0.9,1.3,0.2,0.1,0.7,0
Tony Wroten,2012,35,7.8,2.6,0.9,2.5,0.1,0.5,0.6,0.8,0.4,0.4,0.8,1.2,0.2,0.1,0.8,0
Maalik Wayns,2012,27,7.5,2.8,1,3.3,0.3,1.1,0.6,0.7,0,0.2,0.3,1,0.2,0,0.6,0
Damian Lillard,2012,82,38.6,19,6.7,15.7,2.3,6.1,3.3,3.9,0.5,2.6,3.1,6.5,0.9,0.2,3,1
Bradley Beal,2012,56,31.2,13.9,5,12.3,1.6,4.2,2.2,2.8,0.8,3,3.8,2.4,0.9,0.5,1.6,1
Anthony Davis,2012,64,28.8,13.5,5.5,10.6,0,0.1,2.6,3.5,2.6,5.6,8.2,1,1.2,1.8,1.4,1
Dion Waiters,2012,61,28.8,14.7,5.5,13.4,1,3.3,2.6,3.5,0.4,2.1,2.4,3,1,0.3,2,1
Kyle Singler,2012,82,28,8.8,3.4,7.8,0.9,2.4,1.2,1.5,1.3,2.7,4,0.9,0.7,0.5,1.2,1
Tyler Zeller,2012,77,26.4,7.9,3.2,7.3,0,0.1,1.6,2,2.1,3.6,5.7,1.2,0.5,0.9,1.2,1
Maurice Harkless,2012,76,26,8.2,3.4,7.4,0.4,1.5,1,1.7,1.6,2.8,4.4,0.7,1.2,0.8,0.9,1
Michael Kidd-Gilchrist,2012,78,26,9,3.6,7.9,0,0.1,1.8,2.4,1.7,4.2,5.8,1.5,0.7,0.9,1.3,1
Harrison Barnes,2012,81,25.4,9.2,3.4,7.8,0.6,1.8,1.8,2.3,0.7,3.5,4.1,1.2,0.6,0.2,1.3,1
Austin Rivers,2012,61,23.2,6.2,2.4,6.4,0.5,1.4,1,1.8,0.3,1.5,1.8,2.1,0.4,0.1,1.2,1
Andre Drummond,2012,60,20.7,7.9,3.5,5.7,0,0,1,2.7,2.8,4.8,7.6,0.5,1,1.6,0.9,1
Meyers Leonard,2012,69,17.5,5.5,2.2,4,0,0.1,1,1.3,1.2,2.5,3.7,0.5,0.2,0.6,0.7,1
Patrick Beverley,2012,41,17.4,5.6,1.9,4.6,0.9,2.3,0.8,1,1.1,1.6,2.7,2.9,0.9,0.5,1.1,1
Jae Crowder,2012,78,17.3,5,1.8,4.7,0.8,2.5,0.6,0.9,0.4,1.9,2.4,1.2,0.8,0.2,0.6,1
Brian Roberts,2012,78,17,7.1,2.7,6.6,0.8,2,0.9,1,0.2,1,1.2,2.8,0.5,0,0.9,1
Terrence Ross,2012,73,17,6.4,2.5,6.3,0.9,2.7,0.4,0.6,0.5,1.5,2,0.7,0.6,0.2,0.7,1
Thomas Robinson,2012,70,15.1,4.8,2,4.6,0,0,0.8,1.6,1.7,2.8,4.5,0.7,0.6,0.4,1.3,1
John Jenkins,2012,61,14.8,6.1,2.1,4.8,0.9,2.3,1,1.1,0.3,1.3,1.5,0.9,0.2,0.2,0.7,1
Draymond Green,2012,79,13.4,2.9,1.1,3.3,0.2,0.8,0.6,0.7,0.7,2.6,3.3,0.7,0.5,0.3,0.7,1
John Henson,2012,63,13.1,6,2.6,5.3,0,0,0.9,1.7,1.8,2.9,4.7,0.5,0.3,0.7,0.8,1
Will Barton,2012,73,12.2,4,1.6,4.2,0.1,0.9,0.7,0.9,0.5,1.5,2,0.8,0.5,0.1,0.8,1
Kyle O'Quinn,2012,57,11.2,4.1,1.8,3.5,0,0,0.5,0.8,1.1,2.5,3.7,0.9,0.2,0.5,0.7,1
Mike Scott,2012,40,9.4,4.6,1.8,3.7,0,0,1.1,1.4,1,1.8,2.8,0.3,0.1,0.1,0.5,1
Jeremy Lamb,2012,23,6.4,3.1,1,3,0.4,1.3,0.6,0.6,0.2,0.6,0.8,0.2,0.1,0.1,0.3,1
MarShon Brooks,2011,56,29.4,12.6,4.9,11.4,0.8,2.7,2,2.6,1.3,2.3,3.6,2.3,0.9,0.3,2.1,0
Chris Singleton,2011,66,21.7,4.6,1.8,4.7,0.7,1.9,0.5,0.7,0.7,2.9,3.5,0.7,1.1,0.5,0.6,0
Charles Jenkins,2011,51,17.5,5.8,2.5,5.7,0.1,0.4,0.7,0.8,0.2,1.2,1.3,3.3,0.7,0.1,1.2,0
Ivan Johnson,2011,56,16.7,6.4,2.5,4.9,0,0.1,1.3,1.8,1.2,2.9,4,0.6,0.8,0.3,1.2,0
Jordan Williams,2011,43,14.8,4.6,1.8,3.5,0,0,1,1.5,1.5,2.1,3.6,0.3,0.5,0.3,0.5,0
Josh Harrellson,2011,37,14.6,4.4,1.7,4,0.5,1.6,0.4,0.7,1.3,2.6,3.9,0.3,0.6,0.5,0.5,0
Greg Stiemsma,2011,55,13.9,2.9,1.2,2.2,0,0,0.5,0.7,0.9,2.3,3.2,0.5,0.7,1.6,0.6,0
Jeremy Tyler,2011,42,13.5,4.9,2.1,5,0,0,0.7,1.2,1.3,2,3.3,0.4,0.4,0.5,0.9,0
Malcolm Lee,2011,19,12.8,3.3,1.2,3.1,0.1,0.5,0.7,0.9,0.5,0.9,1.4,1.6,0.4,0.2,0.9,0
Nolan Smith,2011,44,12.3,3.8,1.5,4.1,0.3,1,0.5,0.6,0.4,0.9,1.3,1.4,0.4,0.1,0.9,0
Cory Higgins,2011,38,11.1,3.9,1.4,4.2,0.1,0.5,1.1,1.6,0.2,0.7,0.9,0.9,0.1,0.2,1,0
Andrew Goudelock,2011,40,10.5,4.4,1.7,4.4,0.7,1.9,0.3,0.3,0.1,0.7,0.8,0.5,0.1,0,0.5,0
Mickell Gladness,2011,26,9.7,2.2,1,2.3,0,0,0.2,0.5,0.5,1.7,2.2,0.2,0.1,0.8,0.3,0
Jeremy Pargo,2011,44,9.6,2.9,1.1,3.4,0.2,0.9,0.4,0.6,0.3,0.6,0.8,1.3,0.3,0,1.1,0
JaJuan Johnson,2011,36,8.3,3.2,1.5,3.4,0,0,0.2,0.3,0.6,1.1,1.6,0.2,0.1,0.4,0.4,0
Brandon Knight,2011,66,32.3,12.8,4.8,11.7,1.6,4.2,1.6,2.1,0.5,2.7,3.2,3.8,0.7,0.1,2.6,1
Iman Shumpert,2011,59,28.9,9.5,3.6,9.1,0.8,2.7,1.5,1.8,0.7,2.4,3.2,2.8,1.7,0.1,1.9,1
Chandler Parsons,2011,63,28.6,9.5,3.9,8.7,1,2.8,0.7,1.2,1.4,3.3,4.8,2.1,1.2,0.5,1.3,1
Kemba Walker,2011,66,27.2,12.1,4.3,11.6,1,3.4,2.5,3.2,0.5,3.1,3.5,4.4,0.9,0.3,1.8,1
Isaiah Thomas,2011,65,25.5,11.5,3.9,8.8,1.3,3.4,2.4,2.8,0.7,1.8,2.6,4.1,0.8,0.1,1.6,1
Klay Thompson,2011,66,24.4,12.5,4.8,10.9,1.7,4.1,1.2,1.4,0.4,2.1,2.4,2,0.7,0.3,1.6,1
Kawhi Leonard,2011,64,24,7.9,3.1,6.3,0.6,1.7,1.1,1.4,1.6,3.5,5.1,1.1,1.3,0.4,0.7,1
Kenneth Faried,2011,46,22.5,10.2,3.9,6.7,0,0,2.4,3.6,3.1,4.6,7.7,0.8,0.7,1,1.2,1
Derrick Williams,2011,66,21.5,8.8,3.1,7.5,0.6,2.1,2.1,3,1.2,3.5,4.7,0.6,0.5,0.5,1.2,1
Donald Sloan,2011,33,20.3,5.5,2.4,6,0.1,0.8,0.7,0.9,0.5,1.5,2,3.2,0.4,0.1,1.5,1
Markieff Morris,2011,63,19.5,7.4,2.8,6.9,0.7,2,1.2,1.7,1.1,3.3,4.4,1,0.7,0.7,1.1,1
Norris Cole,2011,65,19.4,6.8,2.7,6.9,0.3,1.2,1,1.3,0.3,1.1,1.4,2,0.7,0,1.6,1
Jimmer Fredette,2011,61,18.6,7.6,2.8,7.3,1.3,3.5,0.7,0.8,0.3,0.9,1.2,1.8,0.5,0.1,1.1,1
Alec Burks,2011,59,15.9,7.2,2.6,6.1,0.3,0.8,1.8,2.4,1,1.3,2.2,0.9,0.5,0.1,0.9,1
Lavoy Allen,2011,41,15.2,4.1,1.9,4.1,0,0,0.3,0.3,1.1,3,4.2,0.8,0.3,0.4,0.5,1
Lance Thomas,2011,42,15,4,1.4,3,0,0,1.2,1.5,1.2,1.8,3,0.3,0.2,0.2,0.6,1
Shelvin Mack,2011,64,12.2,3.6,1.4,3.4,0.2,0.7,0.7,0.9,0.2,1.3,1.4,2,0.4,0,0.8,1
Jon Leuer,2011,46,12.1,4.7,2.1,4.2,0.1,0.2,0.5,0.6,1,1.6,2.6,0.5,0.3,0.4,0.4,1
Tobias Harris,2011,42,11.4,5,1.9,4,0.1,0.5,1,1.3,0.7,1.7,2.4,0.5,0.3,0.2,0.7,1
Jordan Hamilton,2011,26,9.9,4.4,1.8,4.3,0.7,1.8,0.1,0.2,0.4,2,2.4,0.8,0.1,0.1,0.6,1
E'Twaun Moore,2011,38,8.7,2.9,1.1,3,0.4,1.2,0.2,0.2,0.1,0.8,0.9,0.9,0.3,0.1,0.6,1
Jimmy Butler,2011,42,8.5,2.6,0.8,1.9,0,0.3,1,1.3,0.5,0.8,1.3,0.3,0.3,0.1,0.3,1
Jordan Crawford,2010,42,24.5,11.7,4.6,11.9,0.8,3,1.7,2,0.7,1.8,2.5,2.8,0.9,0.1,2,0
Manny Harris,2010,54,17.3,5.9,2,5.4,0.6,1.7,1.3,1.7,0.7,1.9,2.6,1.6,0.6,0.1,1.2,0
Luke Harangody,2010,49,13.1,3.9,1.6,4.2,0.3,1.3,0.4,0.5,0.8,2.1,2.9,0.6,0.3,0.3,0.3,0
Ben Uzoh,2010,42,10.4,3.8,1.5,3.4,0.1,0.2,0.8,1.3,0.7,0.7,1.5,1.6,0.3,0.2,0.6,0
Lazar Hayward,2010,42,10,3.8,1.3,3.7,0.4,1.4,0.8,1,0.5,1.1,1.7,0.7,0.3,0.2,0.5,0
Armon Johnson,2010,38,7.3,2.9,1.2,2.7,0.1,0.3,0.3,0.6,0.3,0.7,0.9,1.2,0.1,0,1,0
Mustafa Shakur,2010,22,7.2,2.3,1,2.7,0,0.5,0.4,0.7,0.3,0.7,1,1.1,0.2,0.1,0.8,0
Derrick Caracter,2010,41,5.2,2,0.8,1.6,0,0,0.4,0.6,0.5,0.6,1,0.2,0.1,0.2,0.5,0
Blake Griffin,2010,82,38,22.5,8.5,16.8,0.1,0.3,5.4,8.5,3.3,8.8,12.1,3.8,0.8,0.6,2.7,1
John Wall,2010,69,37.8,16.4,5.8,14.1,0.5,1.7,4.4,5.7,0.5,4.1,4.6,8.3,1.8,0.5,3.8,1
Landry Fields,2010,82,31,9.7,3.6,7.3,1,2.7,1.4,1.8,1.3,5.1,6.4,1.9,1,0.2,1.3,1
DeMarcus Cousins,2010,81,28.5,14.1,5.3,12.4,0,0.2,3.4,5,2.7,6,8.6,2.5,1.1,0.8,3.3,1
Greg Monroe,2010,80,27.8,9.4,3.8,6.9,0,0,1.8,2.9,3.1,4.4,7.5,1.3,1.2,0.6,1,1
Wesley Johnson,2010,79,26.2,9,3.4,8.6,1.3,3.7,0.8,1.2,0.6,2.4,3,1.9,0.7,0.7,1.2,1
Ed Davis,2010,65,24.6,7.7,3.3,5.7,0,0,1.1,2,2.6,4.5,7.1,0.6,0.6,1,0.7,1
Evan Turner,2010,78,23,7.2,2.9,6.8,0.2,0.6,1.3,1.6,0.5,3.4,3.9,2,0.6,0.2,1,1
Eric Bledsoe,2010,81,22.7,6.7,2.5,6,0.4,1.4,1.2,1.6,0.8,1.9,2.8,3.6,1.1,0.3,2.4,1
Gary Neal,2010,80,21.1,9.8,3.6,7.9,1.6,3.9,1.1,1.3,0.3,2.2,2.5,1.2,0.3,0.1,1,1
Paul George,2010,61,20.7,7.8,2.9,6.5,0.7,2.3,1.3,1.7,0.6,3.1,3.7,1.1,1,0.4,1.1,1
Derrick Favors,2010,78,19.7,6.8,2.8,5.3,0,0,1.3,2.2,2.2,3.1,5.3,0.5,0.4,0.9,1,1
Al-Farouq Aminu,2010,81,17.9,5.6,2,5,0.6,1.8,1.1,1.5,0.9,2.4,3.3,0.7,0.7,0.3,1.3,1
Ekpe Udoh,2010,58,17.8,4.1,1.7,3.8,0,0,0.7,1.1,1.4,1.7,3.1,0.7,0.4,1.5,0.8,1
Gordon Hayward,2010,72,16.9,5.4,2,4.1,0.5,1,1,1.3,0.6,1.4,1.9,1.1,0.4,0.3,1,1
Patrick Patterson,2010,52,16.7,6.3,2.9,5.1,0,0,0.6,0.8,1.7,2.2,3.8,0.8,0.3,0.7,0.6,1
Trevor Booker,2010,65,16.4,5.3,2.1,3.9,0,0,1,1.6,1.5,2.4,3.9,0.5,0.5,0.7,0.6,1
Larry Sanders,2010,60,14.5,4.3,1.9,4.5,0,0,0.5,0.8,1,2,3,0.3,0.4,1.2,0.6,1
Quincy Pondexter,2010,66,11.1,2.8,1.1,2.7,0.3,0.8,0.4,0.5,0.3,1,1.3,0.4,0.3,0.1,0.2,1
Ish Smith,2010,43,10.3,2.3,1,2.7,0.1,0.2,0.3,0.5,0.2,0.9,1.1,1.8,0.4,0.1,0.8,1
Jeremy Evans,2010,49,9.4,3.6,1.6,2.3,0,0,0.5,0.8,0.7,1.2,2,0.5,0.3,0.3,0.4,1
Cole Aldrich,2010,18,7.9,1,0.4,0.8,0,0,0.1,0.2,0.7,1.2,1.9,0.2,0.3,0.4,0.4,1
Jonny Flynn,2009,81,28.9,13.5,4.9,11.8,1,2.7,2.8,3.3,0.3,2.1,2.4,4.4,1,0,2.9,0
Terrence Williams,2009,78,22.6,8.4,3.3,8.3,0.4,1.3,1.3,1.8,0.6,3.9,4.5,2.9,0.6,0.1,1.6,0
Sam Young,2009,80,16.5,7.4,2.8,6.2,0.1,0.7,1.7,2.2,1,1.6,2.5,0.7,0.4,0.3,1.2,0
Chris Hunter,2009,60,13.1,4.5,1.8,3.6,0,0.1,0.9,1.2,0.9,1.9,2.8,0.6,0.2,0.6,0.5,0
Jon Brockman,2009,52,12.6,2.8,1.1,2,0,0,0.7,1.2,2,2.1,4.1,0.4,0.3,0.1,0.4,0
Derrick Brown,2009,57,9.4,3.3,1.2,2.6,0,0.1,0.8,1.3,0.5,0.8,1.4,0.3,0.4,0.2,0.3,0
DaJuan Summers,2009,44,9.2,3,1,3,0.3,1,0.6,0.9,0.3,0.7,1,0.4,0.2,0.2,0.4,0
Cedric Jackson,2009,12,6.3,1.7,0.5,1.7,0.1,0.5,0.6,1,0.2,0.5,0.7,1.2,0.3,0.2,0.9,0
Marcus Landry,2009,18,6.2,2.4,0.9,2.4,0.5,1.6,0.2,0.3,0.3,0.8,1.1,0,0.1,0.1,0.3,0
Lester Hudson,2009,25,5.2,2.3,0.8,2.1,0.2,0.6,0.4,0.5,0.3,0.4,0.7,0.5,0.3,0.1,0.6,0
Tyreke Evans,2009,72,37.2,20.1,7.4,16.2,0.5,2,4.8,6.5,0.9,4.4,5.3,5.8,1.5,0.4,3,1
Stephen Curry,2009,80,36.2,17.5,6.6,14.3,2.1,4.8,2.2,2.5,0.6,3.9,4.5,5.9,1.9,0.2,3,1
Brandon Jennings,2009,82,32.6,15.5,5.5,14.8,1.8,4.7,2.7,3.3,0.6,2.8,3.4,5.7,1.3,0.2,2.4,1
Darren Collison,2009,76,27.8,12.4,4.9,10.4,0.6,1.5,1.9,2.3,0.5,2,2.5,5.7,1,0.1,2.7,1
Taj Gibson,2009,82,26.9,9,3.8,7.7,0,0,1.4,2.1,2.8,4.7,7.5,0.9,0.6,1.3,1.4,1
Marcus Thornton,2009,73,25.6,14.5,5.5,12.1,1.6,4.3,2,2.4,1,1.9,2.9,1.6,0.8,0.1,1,1
Wesley Matthews,2009,82,24.7,9.4,3.3,6.9,0.8,2,2,2.4,0.6,1.7,2.3,1.5,0.8,0.2,1.1,1
Jrue Holiday,2009,73,24.2,8,3.2,7.1,0.8,2.2,0.9,1.2,0.8,1.8,2.6,3.8,1.1,0.3,2.1,1
James Harden,2009,76,22.9,9.9,3.1,7.6,1.2,3.3,2.6,3.2,0.6,2.6,3.2,1.8,1.1,0.3,1.4,1
DeMar DeRozan,2009,77,21.6,8.6,3.3,6.6,0.1,0.2,1.9,2.5,0.9,2,2.9,0.7,0.6,0.2,0.8,1
Ty Lawson,2009,65,20.3,8.3,3.1,6,0.5,1.3,1.6,2.2,0.6,1.3,1.9,3.1,0.7,0,1.3,1
Chase Budinger,2009,74,20.1,8.9,3.4,7.6,1.2,3.4,0.9,1.2,0.5,2.5,3,1.2,0.5,0.1,0.7,1
Toney Douglas,2009,56,19.4,8.6,3.2,7,1.2,3.1,1,1.2,0.7,1.2,1.9,2,0.8,0.1,1,1
DeJuan Blair,2009,82,18.2,7.8,3.4,6,0,0,1.1,2,2.4,4,6.4,0.8,0.6,0.5,1.4,1
Wayne Ellington,2009,76,18.2,6.6,2.5,5.9,0.8,2.1,0.8,0.9,0.4,1.7,2.1,1,0.3,0.1,1,1
Eric Maynor,2009,81,15.7,4.7,1.9,4.5,0.3,0.9,0.6,0.9,0.3,1.3,1.6,3.3,0.5,0.1,1.1,1
A.J. Price,2009,56,15.4,7.3,2.6,6.3,1.1,3.1,1.1,1.3,0.2,1.4,1.6,1.9,0.6,0.1,1.1,1
Jordan Hill,2009,47,13.3,5.2,2.1,4.3,0,0,1,1.4,1.6,2.1,3.7,0.4,0.3,0.5,0.6,1
Austin Daye,2009,69,13.3,5.1,2,4.3,0.4,1.4,0.7,0.8,0.5,2,2.5,0.5,0.4,0.4,0.7,1
Garrett Temple,2009,27,12.4,5,1.6,3.7,0.5,1.4,1.3,1.9,0.2,0.9,1.1,0.8,0.5,0.2,1,1
Jodie Meeks,2009,60,12,4.7,1.7,4.5,0.7,2.2,0.5,0.7,0.1,1.5,1.6,0.7,0.3,0.1,0.4,1
James Johnson,2009,65,11.6,3.9,1.5,3.2,0.2,0.7,0.8,1.1,0.5,1.4,2,0.7,0.3,0.7,0.9,1
Dante Cunningham,2009,63,11.2,3.9,1.7,3.4,0,0,0.5,0.8,0.9,1.7,2.5,0.2,0.4,0.3,0.2,1
DeMarre Carroll,2009,71,11.2,2.9,1.2,3.1,0,0.1,0.5,0.7,0.7,1.4,2.1,0.5,0.4,0.1,0.3,1
Jeff Ayres,2009,39,10.4,2.7,1.1,1.7,0,0,0.5,0.5,0.6,1.9,2.5,0,0.2,0.4,0.3,1
Jeff Teague,2009,71,10.1,3.2,1.3,3.2,0.1,0.5,0.6,0.7,0.1,0.9,0.9,1.7,0.5,0.1,0.7,1
Gerald Henderson,2009,43,8.3,2.6,0.9,2.4,0.1,0.4,0.8,1.1,0.3,0.9,1.3,0.3,0.2,0.2,0.3,1
Earl Clark,2009,51,7.5,2.7,1.1,3,0,0.1,0.5,0.7,0.4,0.9,1.2,0.4,0.1,0.3,0.5,1
Greg Oden,2008,61,21.5,8.9,3.2,5.8,0,0,2.4,3.7,2.8,4.2,7,0.5,0.4,1.1,1.4,0
Kyle Weaver,2008,56,20.8,5.3,2,4.4,0.6,1.7,0.7,1,0.6,1.8,2.3,1.8,0.8,0.5,1.2,0
Mike Taylor,2008,51,15.1,5.7,2.2,5.2,0.3,0.8,1.1,1.6,0.4,1.3,1.7,2.1,0.7,0,1.4,0
Bobby Brown,2008,68,13.7,5.3,2.1,5.3,0.7,1.9,0.5,0.6,0.2,0.6,0.8,1.7,0.3,0,0.9,0
Rob Kurz,2008,40,11.1,3.9,1.3,3.3,0.4,1,1,1.3,0.8,1.2,2,0.5,0.3,0.5,0.4,0
Darnell Jackson,2008,51,8.4,1.9,0.7,1.7,0,0,0.5,0.7,0.6,1.1,1.7,0.2,0.2,0.1,0.3,0
Sean Singletary,2008,37,8.2,2.4,0.8,2.3,0.3,0.7,0.5,0.6,0.3,0.7,0.9,0.8,0.3,0,0.6,0
O.J. Mayo,2008,82,38,18.5,6.9,15.6,1.8,4.6,3,3.4,0.7,3.1,3.8,3.2,1.1,0.2,2.8,1
Derrick Rose,2008,81,37,16.8,7.1,14.9,0.2,0.9,2.4,3.1,1.2,2.7,3.9,6.3,0.8,0.2,2.5,1
Eric Gordon,2008,78,34.3,16.1,5.3,11.6,1.7,4.3,3.8,4.5,0.6,2,2.6,2.8,1,0.5,2.1,1
Russell Westbrook,2008,82,32.5,15.3,5.3,13.4,0.4,1.6,4.3,5.2,2.2,2.7,4.9,5.3,1.3,0.2,3.3,1
Mario Chalmers,2008,82,32,10,3.4,8.1,1.4,3.8,1.8,2.4,0.5,2.3,2.8,4.9,1.9,0.1,2,1
Brook Lopez,2008,82,30.5,13,5.5,10.3,0,0,2.1,2.6,2.7,5.4,8.1,1,0.5,1.8,1.8,1
Jason Thompson,2008,82,28.1,11.1,4.3,8.7,0,0.1,2.4,3.5,2.9,4.5,7.4,1.1,0.6,0.7,1.8,1
D.J. Augustin,2008,72,26.5,11.8,3.7,8.6,1.5,3.4,2.9,3.2,0.2,1.6,1.8,3.5,0.6,0,1.6,1
Kevin Love,2008,81,25.3,11.1,3.9,8.5,0,0.2,3.3,4.1,3.4,5.7,9.1,1,0.4,0.6,1.5,1
Courtney Lee,2008,77,25.2,8.4,3.2,7,1.1,2.6,1,1.2,0.2,2.1,2.3,1.2,1,0.2,0.9,1
Michael Beasley,2008,81,24.8,13.9,5.6,11.8,0.4,1,2.3,3,1.4,4.1,5.4,1,0.5,0.5,1.5,1
Brandon Rush,2008,75,24,8.1,3.2,7.7,1,2.8,0.6,0.9,0.5,2.7,3.1,0.9,0.5,0.5,1,1
Anthony Morrow,2008,67,22.6,10.1,3.8,8,1.3,2.7,1.2,1.4,1.2,1.8,3,1.2,0.5,0.2,0.8,1
Ryan Anderson,2008,66,19.9,7.4,2.4,6.2,1,2.9,1.5,1.8,1.6,3.1,4.7,0.8,0.7,0.3,0.9,1
Darrell Arthur,2008,76,19.3,5.6,2.5,5.7,0,0,0.5,0.8,1.4,3.1,4.6,0.6,0.7,0.7,0.6,1
George Hill,2008,77,16.5,5.7,1.9,4.8,0.3,0.9,1.5,1.9,0.4,1.7,2.1,1.8,0.6,0.3,1,1
Marreese Speights,2008,79,16,7.7,3.2,6.4,0,0.1,1.3,1.7,1.6,2.2,3.7,0.4,0.3,0.7,0.6,1
JaVale McGee,2008,75,15.2,6.5,2.5,5.2,0,0,1.4,2.2,1.6,2.3,3.9,0.3,0.4,1,0.8,1
DeAndre Jordan,2008,53,14.5,4.3,1.8,2.8,0,0,0.8,2.1,1.4,3.1,4.5,0.2,0.2,1.1,0.8,1
Roy Hibbert,2008,70,14.4,7.1,2.8,6,0,0,1.4,2.1,1.6,1.8,3.5,0.7,0.3,1.1,0.8,1
Chris Douglas-Roberts,2008,44,13.3,4.9,1.8,4,0.1,0.3,1.2,1.4,0.3,0.8,1.1,1.2,0.3,0.2,0.7,1
Jerryd Bayless,2008,53,12.4,4.3,1.3,3.6,0.1,0.5,1.6,1.9,0.2,0.9,1.1,1.5,0.3,0,1.1,1
Kosta Koufos,2008,48,11.8,4.7,2,3.9,0,0,0.8,1.1,1,1.8,2.9,0.4,0.3,0.7,0.5,1
Anthony Tolliver,2008,19,10.9,2.7,1,3.4,0.5,2.2,0.3,0.5,0.6,1.5,2.2,0.9,0.3,0.1,0.4,1
Robin Lopez,2008,60,10.2,3.1,1.2,2.3,0,0,0.8,1.1,0.9,1.1,2,0.1,0.2,0.7,0.5,1
Al Thornton,2007,79,27.3,12.7,4.7,11,0.5,1.6,2.7,3.6,1.2,3.3,4.5,1.2,0.6,0.5,1.6,0
Sean Williams,2007,73,17.5,5.6,2.2,4.2,0,0,1.1,1.8,1.6,2.8,4.4,0.4,0.4,1.4,1,0
Acie Law,2007,56,15.4,4.2,1.7,4.2,0.1,0.6,0.7,0.9,0.2,0.8,1,2,0.5,0,1,0
Javaris Crittenton,2007,50,13.6,5.6,2,4.7,0.2,0.7,1.4,2.1,0.5,1.7,2.2,1,0.4,0,1.1,0
Julian Wright,2007,57,11.2,3.9,1.6,3,0.2,0.4,0.6,0.9,0.6,1.5,2.1,0.7,0.5,0.2,0.6,0
Chris Richard,2007,52,10.7,1.9,0.8,1.7,0,0,0.3,0.5,1,1.6,2.6,0.3,0.2,0.2,0.5,0
Nick Fazekas,2007,26,10.3,4.1,1.8,3.2,0,0.1,0.6,0.8,1.3,2.1,3.4,0.4,0.3,0.4,0.5,0
Jermareo Davidson,2007,38,8.5,3.2,1.3,3.3,0,0,0.5,0.7,0.6,1.1,1.6,0.3,0.2,0.4,0.5,0
Mario West,2007,64,4.2,0.9,0.3,0.8,0,0.1,0.3,0.4,0.4,0.3,0.8,0.2,0.2,0.1,0.1,0
Demetris Nichols,2007,14,3.1,1.1,0.4,1.6,0.2,0.9,0,0,0,0.4,0.4,0.1,0,0.2,0.3,0
Kevin Durant,2007,80,34.6,20.3,7.3,17.1,0.7,2.6,4.9,5.6,0.9,3.5,4.3,2.4,1,0.9,2.9,1
Jeff Green,2007,80,28.2,10.5,4,9.4,0.3,1,2.2,3,1.3,3.5,4.7,1.5,0.6,0.6,2,1
Jamario Moon,2007,78,27.8,8.5,3.6,7.4,0.5,1.6,0.8,1.1,1.2,5,6.2,1.2,1,1.4,0.7,1
Mike Conley,2007,53,26.1,9.4,3.6,8.3,0.6,1.7,1.7,2.3,0.4,2.2,2.6,4.2,0.8,0,1.7,1
Daequan Cook,2007,59,24.4,8.8,3.3,8.7,1.3,4,0.8,1,0.3,2.7,3,1.3,0.4,0.1,1.1,1
Corey Brewer,2007,79,22.8,5.8,2.3,6.2,0.1,0.5,1.1,1.4,1,2.7,3.7,1.4,1,0.3,1.1,1
Thaddeus Young,2007,74,21,8.2,3.6,6.6,0.1,0.3,1,1.4,1.6,2.6,4.2,0.8,1,0.1,0.9,1
Joakim Noah,2007,74,20.7,6.6,2.4,5,0,0,1.8,2.6,2.4,3.3,5.6,1.1,0.9,0.9,1.2,1
Wilson Chandler,2007,35,19.6,7.3,3,6.9,0.3,0.9,1,1.5,1.1,2.5,3.6,0.9,0.4,0.5,0.8,1
Rodney Stuckey,2007,57,19,7.6,2.7,6.7,0.1,0.3,2.2,2.7,0.6,1.7,2.3,2.8,0.9,0.1,1.4,1
Jared Dudley,2007,73,19,5.8,2.2,4.8,0.1,0.6,1.2,1.6,1.7,2.3,3.9,1.1,0.8,0.1,0.7,1
Carl Landry,2007,42,16.9,8.1,3.2,5.2,0,0,1.7,2.6,2.3,2.6,4.9,0.5,0.4,0.2,0.6,1
Nick Young,2007,75,15.4,7.5,2.8,6.4,0.5,1.3,1.3,1.7,0.3,1.2,1.5,0.8,0.5,0.1,1.3,1
Jason Smith,2007,76,14.6,4.5,1.9,4.1,0.1,0.2,0.7,1.1,1,2,3,0.3,0.3,0.7,0.6,1
Glen Davis,2007,69,13.6,4.5,1.6,3.2,0,0,1.4,2.2,1.4,1.6,3,0.4,0.5,0.3,0.9,1
Spencer Hawes,2007,71,13.1,4.7,2.1,4.5,0.1,0.3,0.5,0.8,1,2.3,3.2,0.6,0.2,0.6,0.8,1
Arron Afflalo,2007,75,12.9,3.7,1.3,3.2,0.1,0.6,0.9,1.2,0.5,1.3,1.8,0.7,0.4,0.1,0.5,1
Aaron Brooks,2007,51,11.9,5.2,1.8,4.4,0.7,2.1,0.8,1,0.3,0.8,1.1,1.7,0.3,0.1,0.9,1
Aaron Gray,2007,61,10,4.3,1.7,3.3,0,0,0.9,1.6,1.1,1.6,2.8,0.7,0.3,0.3,0.9,1
Dominic McGuire,2007,70,9.9,1.3,0.6,1.5,0,0.1,0.2,0.5,0.8,1.2,2,0.6,0.3,0.4,0.6,1
Brandan Wright,2007,38,9.9,4,1.6,2.9,0,0,0.7,1.1,1,1.6,2.6,0.2,0.2,0.6,0.3,1
Adam Morrison,2006,78,29.8,11.8,4.6,12.1,1.1,3.3,1.5,2.2,0.7,2.3,2.9,2.1,0.4,0.1,1.7,0
Tarence Kinsey,2006,48,20.1,7.7,2.9,6.3,0.3,1,1.6,2,0.6,1.4,2,0.9,1.1,0,1,0
Marcus Williams,2006,79,16.6,6.8,2.6,6.7,0.6,2.1,0.9,1.1,0.4,1.7,2.1,3.3,0.4,0,1.8,0
Allan Ray,2006,47,15.1,6.2,2.1,5.5,1,2.5,0.9,1.2,0.4,1.1,1.5,0.9,0.4,0.1,0.9,0
Mardy Collins,2006,52,14.9,4.5,1.7,4.4,0.3,0.9,0.9,1.6,0.5,1.5,2,1.6,0.6,0.1,1.1,0
Alexander Johnson,2006,59,12.8,4.4,1.5,2.9,0,0,1.3,2,0.8,2.2,3.1,0.3,0.4,0.6,0.8,0
Cedric Simmons,2006,43,12.4,2.9,1.3,3.1,0,0,0.4,0.8,1,1.5,2.5,0.3,0.2,0.5,0.5,0
David Noel,2006,68,11.6,2.7,1,2.6,0.3,0.8,0.5,0.6,0.6,1.2,1.8,1,0.4,0.1,0.6,0
Josh Boone,2006,61,11,4.2,1.6,2.8,0,0,0.9,1.7,1,1.8,2.9,0.2,0.2,0.3,0.5,0
Lynn Greer,2006,41,10.5,4.1,1.5,3.4,0.4,1.3,0.7,0.8,0,0.6,0.7,1.3,0.4,0,0.4,0
Dee Brown,2006,49,9.2,1.9,0.7,2,0.1,0.6,0.5,0.8,0.2,0.7,0.8,1.7,0.5,0.1,0.6,0
Quincy Douby,2006,42,8.5,2.8,1.1,3,0.3,1.2,0.3,0.4,0.3,0.6,0.9,0.4,0.4,0.1,0.4,0
Hassan Adams,2006,61,8.1,2.9,1.2,2.2,0,0,0.4,0.6,0.6,0.7,1.3,0.2,0.3,0.1,0.4,0
Andre Brown,2006,38,7.1,2.4,1.1,1.9,0,0,0.2,0.4,0.7,1.3,1.9,0.1,0.2,0.1,0.8,0
Brandon Roy,2006,57,35.4,16.8,6.1,13.4,1,2.6,3.5,4.2,1,3.4,4.4,4,1.2,0.2,2,1
Rudy Gay,2006,78,27,10.8,4.1,9.7,0.7,1.8,1.9,2.7,1.2,3.3,4.5,1.3,0.9,0.9,1.8,1
Rajon Rondo,2006,78,23.5,6.4,2.4,5.8,0.1,0.4,1.5,2.4,0.9,2.8,3.7,3.8,1.6,0.1,1.8,1
Randy Foye,2006,82,22.9,10.1,3.7,8.4,0.8,2.3,2,2.3,0.6,2.1,2.7,2.8,0.7,0.3,1.9,1
LaMarcus Aldridge,2006,63,22.1,9,3.8,7.6,0,0,1.3,1.8,2.3,2.7,5,0.4,0.3,1.2,0.7,1
Craig Smith,2006,82,18.7,7.4,3,5.6,0,0.1,1.4,2.3,1.8,3.3,5.1,0.6,0.6,0.2,0.9,1
Shelden Williams,2006,81,18.7,5.5,2,4.5,0,0,1.4,1.8,1.6,3.8,5.4,0.5,0.6,0.5,1.2,1
Paul Millsap,2006,82,18,6.8,2.5,4.9,0,0,1.7,2.5,2.2,2.9,5.2,0.8,0.8,0.9,1.1,1
Rodney Carney,2006,67,17.4,6.6,2.7,5.9,0.4,1.1,0.8,1.3,0.6,1.3,1.9,0.4,0.6,0.3,0.6,1
Daniel Gibson,2006,60,16.5,4.6,1.6,3.9,0.9,2.1,0.5,0.7,0.5,1.1,1.5,1.2,0.4,0.1,0.7,1
Renaldo Balkman,2006,68,15.6,4.9,2,4,0.1,0.4,0.8,1.3,1.4,2.9,4.3,0.6,0.8,0.7,0.7,1
Jordan Farmar,2006,72,15.1,4.4,1.7,4.1,0.6,1.9,0.4,0.5,0.3,1.3,1.7,1.9,0.6,0.1,1,1
Tyrus Thomas,2006,72,13.4,5.2,1.9,3.9,0,0,1.5,2.4,1.2,2.5,3.7,0.6,0.6,1.1,1.3,1
Shawne Williams,2006,46,12.1,3.9,1.6,3.5,0.4,1.1,0.2,0.4,0.7,1.1,1.8,0.5,0.1,0.2,0.5,1
Ronnie Brewer,2006,56,12.1,4.6,1.8,3.4,0,0.2,1,1.5,0.7,0.7,1.3,0.4,0.7,0.1,0.4,1
Solomon Jones,2006,58,11.5,3.3,1.1,2.2,0,0,1,1.3,0.8,1.5,2.3,0.2,0.2,0.7,0.4,1
Leon Powe,2006,63,11.4,4.2,1.3,2.8,0,0,1.7,2.3,1.5,1.9,3.4,0.2,0.2,0.3,0.8,1
Hilton Armstrong,2006,56,11.3,3.1,1.2,2.2,0,0,0.7,1.2,1,1.6,2.7,0.2,0.2,0.5,0.6,1
Chris Quinn,2006,42,9.7,3.4,1.1,3.1,0.5,1.4,0.6,0.9,0.1,0.6,0.7,1.5,0.4,0,0.5,1
Bobby Jones,2006,44,7.6,2.5,1,2.1,0,0.2,0.5,0.9,0.5,0.8,1.3,0.4,0.3,0,0.4,1
Steve Novak,2006,35,5.5,1.5,0.5,1.4,0.4,1.1,0.1,0.1,0.1,0.6,0.7,0.2,0.1,0,0.1,1
Salim Stoudamire,2005,61,20.3,9.7,3.3,8.1,1.3,3.5,1.6,1.8,0.2,1.7,1.9,1.2,0.4,0.1,1.3,0
Rashad McCants,2005,79,17.2,7.9,3.1,6.8,0.8,2.3,1,1.3,0.4,1.4,1.8,0.8,0.6,0.3,1.1,0
Orien Greene,2005,80,15.4,3.2,1.3,3.2,0.1,0.5,0.6,0.9,0.5,1.4,1.8,1.6,1,0.1,1.4,0
Daniel Ewing,2005,66,14.7,3.8,1.5,3.9,0.3,1.2,0.5,0.7,0.3,0.9,1.3,1.3,0.6,0.1,0.9,0
Gerald Fitch,2005,18,13.3,4.7,1.7,4.9,0.4,1.4,0.9,1.3,0.4,1.3,1.7,1.8,0.4,0.3,0.8,0
Wayne Simien,2005,43,9.6,3.4,1.3,2.8,0,0,0.7,0.8,0.9,1.2,2,0.2,0.3,0,0.6,0
Donell Taylor,2005,51,9.1,2.7,1,2.7,0.1,0.3,0.6,0.8,0.3,0.7,1,0.9,0.6,0.1,0.7,0
Kevin Burleson,2005,39,8.7,1.8,0.6,2.3,0.3,1.4,0.4,0.4,0.1,0.6,0.7,1.2,0.7,0.1,0.6,0
Lawrence Roberts,2005,33,5.5,1.5,0.6,1.3,0,0.1,0.3,0.7,0.8,0.7,1.5,0.2,0.2,0.1,0.1,0
Chris Paul,2005,78,36,16.1,5.2,12.1,0.6,2.3,5.1,6,0.8,4.3,5.1,7.8,2.2,0.1,2.4,1
Raymond Felton,2005,80,30.1,11.9,4.3,11,1.2,3.4,2,2.8,1,2.4,3.3,5.6,1.3,0.1,2.3,1
Charlie Villanueva,2005,81,29.1,13,5.4,11.6,0.9,2.6,1.4,2,2.2,4.2,6.4,1.1,0.7,0.8,1.2,1
Luther Head,2005,80,28.9,8.8,3.2,7.9,1.4,3.9,1.1,1.5,0.4,2.9,3.3,2.7,1.1,0.1,1.5,1
Deron Williams,2005,80,28.8,10.8,4.2,10.1,1.1,2.7,1.2,1.7,0.4,2,2.4,4.5,0.8,0.2,1.8,1
Marvin Williams,2005,79,24.7,8.5,3,6.7,0.2,0.7,2.4,3.2,1.5,3.3,4.8,0.8,0.6,0.3,1.1,1
Channing Frye,2005,65,24.2,12.3,4.7,9.8,0,0.1,2.9,3.5,2.1,3.6,5.8,0.8,0.5,0.7,1.5,1
Danny Granger,2005,78,22.6,7.5,2.8,6.1,0.4,1.2,1.5,1.9,1.7,3.2,4.9,1.2,0.7,0.8,1,1
Ryan Gomes,2005,61,22.6,7.6,2.8,5.8,0,0.1,1.8,2.4,1.7,3.2,4.9,1,0.6,0.1,0.9,1
Nate Robinson,2005,72,21.4,9.3,3.2,7.8,0.8,2,2.1,2.8,0.8,1.5,2.3,2,0.8,0,1.6,1
Jarrett Jack,2005,79,20.2,6.7,2.4,5.4,0.3,1,1.6,2,0.2,1.8,2,2.8,0.5,0,1.3,1
Joey Graham,2005,80,19.8,6.7,2.5,5.2,0.4,1.1,1.4,1.7,0.7,2.3,3.1,0.8,0.5,0.2,1.1,1
Monta Ellis,2005,49,18.1,6.8,2.7,6.5,0.6,1.7,0.9,1.2,0.4,1.7,2.1,1.6,0.7,0.2,1.2,1
Martell Webster,2005,61,17.5,6.6,2.3,5.7,1.1,3,1,1.2,0.5,1.7,2.1,0.6,0.3,0.2,0.7,1
David Lee,2005,67,16.9,5.1,2,3.4,0,0,1.1,1.8,1.6,2.9,4.5,0.6,0.5,0.3,0.8,1
Alan Anderson,2005,36,15.7,5.8,2.1,5,0.7,1.6,0.9,1.1,0.6,1.3,1.9,0.9,0.3,0.1,0.9,1
Ike Diogu,2005,69,14.9,7,2.5,4.8,0,0,2,2.4,1.4,1.9,3.3,0.4,0.2,0.4,1.1,1
James Singleton,2005,59,12.8,3.4,1.3,2.6,0.2,0.3,0.7,0.8,1.1,2.3,3.3,0.5,0.3,0.4,0.5,1
Josh Powell,2005,37,11.6,3,1,2.2,0,0,1,1.2,0.8,1.4,2.2,0.2,0.2,0.1,0.6,1
Hakim Warrick,2005,68,10.6,4.1,1.5,3.4,0,0,1.1,1.7,0.6,1.5,2.1,0.4,0.2,0.3,0.8,1
Antoine Wright,2005,39,9.5,1.8,0.7,2.1,0,0.4,0.3,0.6,0.2,0.6,0.8,0.3,0.1,0.1,0.5,1
Shavlik Randolph,2005,57,8.5,2.3,0.8,1.7,0,0,0.8,1.2,1,1.4,2.3,0.3,0.3,0.2,0.4,1
Andrew Bynum,2005,46,7.3,1.6,0.7,1.8,0,0,0.2,0.6,0.7,1,1.7,0.2,0.1,0.5,0.4,1
Matt Freije,2004,23,19.2,4,1.6,5.5,0.6,2.3,0.2,0.3,0.7,2,2.7,0.9,0.6,0.1,0.7,0
David Harrison,2004,43,17.7,6.1,2.5,4.3,0,0,1.2,2.1,1.1,2,3.1,0.3,0.4,1.3,1.2,0
Jackson Vroman,2004,46,15.3,4.6,1.8,4.3,0,0.1,1,1.6,1.4,2.4,3.8,0.9,0.5,0.4,1.4,0
Billy Thomas,2004,25,14.2,3.7,1.4,3.8,0.7,2.2,0.3,0.4,0.3,1.2,1.4,0.7,0.6,0,0.4,0
Kirk Snyder,2004,68,13.3,5,1.8,4.8,0.4,1.3,0.9,1.4,0.7,1,1.8,0.5,0.4,0.3,0.8,0
Andre Barrett,2004,38,12.7,3.1,1.2,3.3,0.4,1.4,0.4,0.5,0.3,0.8,1.1,1.8,0.5,0,0.7,0
Lionel Chalmers,2004,36,12,3.1,1.2,3.5,0.3,1.4,0.4,0.7,0.1,0.8,0.9,1.4,0.4,0,0.7,0
Donta Smith,2004,38,11.4,3.3,1.2,3,0.2,0.6,0.9,1.3,0.5,0.9,1.4,1,0.6,0.1,0.7,0
James Thomas,2004,11,10.6,2.4,1.1,1.8,0,0,0.2,0.5,1.5,1.8,3.4,0.4,0.4,0.4,0.6,0
Emeka Okafor,2004,73,35.6,15.1,6.1,13.7,0,0,2.9,4.7,3.8,7.1,10.9,0.9,0.8,1.7,1.7,1
Andre Iguodala,2004,82,32.8,9,3.3,6.7,0.6,1.7,1.9,2.6,1.1,4.6,5.7,3,1.7,0.6,1.7,1
Dwight Howard,2004,82,32.6,12,4.3,8.3,0,0,3.4,5,3.5,6.5,10,0.9,0.9,1.7,2,1
Josh Childress,2004,80,29.7,10.1,3.8,8,0.2,0.7,2.4,2.9,2.4,3.6,6,1.9,0.9,0.4,1.3,1
Josh Smith,2004,74,27.7,9.7,3.7,8.1,0.1,0.3,2.2,3.2,2,4.2,6.2,1.7,0.8,1.9,1.8,1
Chris Duhon,2004,82,26.5,5.9,2.1,6,1.1,3.2,0.6,0.8,0.3,2.3,2.6,4.9,1,0,1.4,1
Quinton Ross,2004,78,21.3,5.1,2.1,4.8,0,0.1,0.9,1.4,0.8,1.9,2.7,1.4,0.7,0.3,0.7,1
Jameer Nelson,2004,79,20.4,8.7,3.6,7.9,0.6,1.8,0.9,1.4,0.7,1.8,2.4,3,1,0,1.5,1
Sebastian Telfair,2004,68,19.6,6.8,2.5,6.3,0.3,1,1.5,2,0.1,1.4,1.5,3.3,0.5,0.1,1.8,1
Matt Bonner,2004,82,18.9,7.2,3,5.6,0.5,1.1,0.7,0.9,1.3,2.2,3.5,0.6,0.5,0.2,0.5,1
Trevor Ariza,2004,80,17.3,5.9,2.2,4.9,0,0.2,1.5,2.2,1.1,1.9,3,1.1,0.9,0.2,0.9,1
Nick Collison,2004,82,17,5.6,2.3,4.3,0,0,1,1.4,1.9,2.7,4.6,0.4,0.4,0.6,0.8,1
Tony Allen,2004,77,16.4,6.4,2.4,5,0.2,0.4,1.5,2,1.1,1.8,2.9,0.8,1,0.3,1,1
Devin Harris,2004,76,15.4,5.7,2.1,4.8,0.6,1.7,1,1.4,0.4,1,1.3,2.2,1,0.3,1.1,1
Al Jefferson,2004,71,14.8,6.7,2.7,5.2,0,0,1.2,1.9,1.7,2.7,4.4,0.3,0.3,0.8,0.9,1
Royal Ivey,2004,62,13,3.5,1.4,3.2,0,0.1,0.8,1.1,0.3,1,1.4,1.7,0.6,0.1,0.9,1
Kris Humphries,2004,67,13,4.1,1.7,4.3,0,0.1,0.7,1.5,1.1,1.9,2.9,0.6,0.4,0.3,0.8,1
Delonte West,2004,39,13,4.5,1.7,4,0.6,1.7,0.5,0.7,0.4,1.3,1.7,1.4,0.5,0.2,0.6,1
Kevin Martin,2004,45,10.1,2.9,1,2.6,0.1,0.6,0.8,1.2,0.6,0.6,1.3,0.5,0.4,0.1,0.5,1
Travis Hansen,2003,41,12.4,3,1.1,3.2,0.2,0.7,0.5,0.7,0.7,1,1.7,0.5,0.2,0.2,0.4,0
Brandon Hunter,2003,36,11.3,3.5,1.5,3.2,0,0.1,0.5,1.2,1.4,1.9,3.3,0.5,0.4,0,0.6,0
Reece Gaines,2003,38,9.6,1.8,0.7,2.3,0.1,0.3,0.4,0.7,0.2,0.8,1,1.1,0.3,0.1,0.5,0
Richie Frahm,2003,54,8.7,3.4,1.2,2.6,0.6,1.7,0.4,0.5,0.2,0.8,1,0.4,0.3,0.1,0.1,0
LeBron James,2003,79,39.5,20.9,7.9,18.9,0.8,2.7,4.4,5.8,1.3,4.2,5.5,5.9,1.6,0.7,3.5,1
Carmelo Anthony,2003,82,36.5,21,7.6,17.9,0.8,2.6,5,6.4,2.2,3.8,6.1,2.8,1.2,0.5,3,1
Kirk Hinrich,2003,76,35.6,12,4.2,10.8,1.9,4.9,1.8,2.2,0.6,2.9,3.4,6.8,1.3,0.3,2.7,1
Dwyane Wade,2003,61,34.9,16.2,6.1,13.1,0.3,0.9,3.8,5.1,1.4,2.7,4,4.5,1.4,0.6,3.2,1
Chris Bosh,2003,75,33.5,11.5,4.4,9.5,0.1,0.2,2.7,3.8,2.5,4.9,7.4,1,0.8,1.4,1.4,1
Jarvis Hayes,2003,70,29.2,9.6,4,9.9,0.6,1.9,1.1,1.4,1,2.8,3.8,1.5,1,0.2,1.6,1
T.J. Ford,2003,55,26.8,7.1,2.8,7.2,0.1,0.4,1.5,1.8,0.7,2.5,3.2,6.5,1.1,0.1,2.5,1
Keith Bogans,2003,73,24.5,6.8,2.5,6.2,0.9,2.6,0.9,1.4,1.5,2.9,4.3,1.3,0.6,0.1,1,1
Udonis Haslem,2003,75,23.9,7.3,2.7,6,0,0,1.9,2.4,2.5,3.8,6.3,0.7,0.4,0.3,1,1
Josh Howard,2003,67,23.7,8.6,3.4,7.9,0.3,1,1.4,2.1,2.2,3.3,5.5,1.4,1,0.8,1,1
Chris Kaman,2003,82,22.5,6.1,2.4,5.3,0,0,1.2,1.7,1.5,4.1,5.6,1,0.3,0.9,1.9,1
Matt Barnes,2003,38,19.1,4.5,1.7,3.6,0.1,0.3,1.1,1.6,1.4,2.6,4,1.3,0.7,0.1,1.2,1
Ronald Dupree,2003,47,19,6.2,2.4,6,0.1,0.2,1.4,2.2,1.2,2.4,3.6,1.2,0.7,0.4,1.1,1
Steve Blake,2003,75,18.6,5.9,2.1,5.4,1,2.7,0.7,0.9,0.2,1.3,1.6,2.8,0.8,0.1,1.7,1
Marquis Daniels,2003,56,18.6,8.5,3.6,7.3,0.2,0.6,1.1,1.4,1.2,1.4,2.6,2.1,0.9,0.2,0.8,1
Linton Johnson,2003,41,17.9,4.2,1.8,5,0.2,0.8,0.5,0.9,1.4,3,4.5,0.7,0.9,0.8,0.9,1
Marcus Banks,2003,81,17.1,5.9,2.2,5.5,0.3,1.1,1.2,1.6,0.4,1.3,1.6,2.2,1.1,0.2,1.5,1
Luke Ridnour,2003,69,16.1,5.5,2.1,5.1,0.4,1.2,0.9,1.1,0.5,1.1,1.6,2.4,0.8,0.1,1.2,1
Willie Green,2003,53,14.5,6.9,2.7,6.7,0.4,1.2,1.1,1.5,0.3,0.9,1.2,1,0.5,0.1,1.1,1
Mo Williams,2003,57,13.5,5,2,5.3,0.2,0.7,0.8,1,0.4,0.9,1.3,1.3,0.5,0,0.9,1
David West,2003,71,13.1,3.8,1.5,3.2,0,0,0.8,1.1,1.6,2.5,4.2,0.8,0.4,0.4,0.7,1
Brian Cook,2003,35,12.6,4.4,1.9,4,0,0.1,0.6,0.8,0.9,2,2.9,0.6,0.5,0.5,0.5,1
Kyle Korver,2003,74,11.9,4.5,1.6,4.4,1.1,2.8,0.3,0.3,0.4,1.1,1.5,0.5,0.3,0.1,0.6,1
Jason Kapono,2003,41,10.4,3.5,1.3,3.1,0.5,1.1,0.5,0.6,0.5,0.9,1.3,0.3,0.3,0.1,0.5,1
Luke Walton,2003,72,10.1,2.4,0.9,2.1,0.2,0.5,0.4,0.6,0.5,1.2,1.8,1.6,0.4,0.1,0.6,1
Matt Carroll,2003,16,4.4,1.2,0.4,1,0.1,0.2,0.3,0.4,0.1,0.3,0.4,0.1,0.1,0,0.4,1
Dajuan Wagner,2002,47,29.5,13.4,4.7,12.9,1.2,3.7,2.7,3.4,0.4,1.3,1.7,2.8,0.8,0.1,1.8,0
Jay Williams,2002,75,26.1,9.5,3.6,9.1,0.9,2.7,1.4,2.1,0.4,2.2,2.6,4.7,1.1,0.2,2.3,0
Junior Harrington,2002,82,24.4,5.1,2.1,5.7,0.1,0.3,0.9,1.4,0.5,2.5,3,3.4,1,0.2,1.9,0
J.R. Bremer,2002,64,23.5,8.3,2.7,7.3,1.6,4.5,1.3,1.7,0.3,2,2.3,2.6,0.6,0.1,0.9,0
Vincent Yarbrough,2002,59,23.4,6.9,2.8,7.3,0.4,1.3,0.8,1.1,0.6,2.1,2.7,2.2,1,0.6,1.4,0
Mike Batiste,2002,75,16.6,6.4,2.6,6.2,0.2,1.1,0.9,1.2,1.1,2.3,3.4,0.7,0.6,0.2,0.9,0
Casey Jacobsen,2002,72,15.9,5.1,1.7,4.5,0.7,2.3,1,1.5,0.4,0.8,1.2,1,0.5,0.1,0.8,0
Sean Lampley,2002,35,13.9,4.8,1.6,3.7,0,0.1,1.6,2.3,0.7,1.6,2.4,0.9,0.2,0.1,0.7,0
Chris Jefferies,2002,51,13.1,3.9,1.5,3.8,0.4,1.1,0.6,0.8,0.3,0.8,1.2,0.4,0.4,0.3,0.9,0
Lonny Baxter,2002,55,12.4,4.8,1.7,3.7,0,0,1.3,1.9,1.2,1.8,3,0.3,0.2,0.4,0.8,0
Juaquin Hawkins,2002,58,11.8,2.3,1,2.6,0.2,0.4,0.2,0.3,0.3,1.1,1.3,0.8,0.5,0.1,0.5,0
Marcus Haislip,2002,39,11.3,4.1,1.7,3.9,0.1,0.3,0.7,1,0.5,0.8,1.4,0.2,0.2,0.5,0.5,0
Ryan Humphrey,2002,48,9.3,1.9,0.7,2.5,0,0,0.5,0.8,0.7,1.4,2.1,0.2,0.2,0.4,0.5,0
Tamar Slay,2002,36,7.6,2.6,1.1,2.9,0.2,0.7,0.2,0.3,0.2,0.6,0.9,0.4,0.4,0.1,0.6,0
Qyntel Woods,2002,53,6.3,2.4,1.1,2.2,0.1,0.2,0.1,0.4,0.3,0.7,1,0.2,0.3,0,0.4,0
Adam Harrington,2002,19,5.8,1.6,0.6,1.9,0.3,0.7,0.2,0.2,0.1,0.4,0.4,0.6,0.1,0.1,0.1,0
Caron Butler,2002,78,36.6,15.4,5.5,13.2,0.4,1.4,4,4.8,1.7,3.4,5.1,2.7,1.8,0.4,2.5,1
Amar'e Stoudemire,2002,82,31.3,13.5,4.8,10.1,0,0.1,3.9,5.9,3,5.7,8.8,1,0.8,1.1,2.3,1
Drew Gooden,2002,70,26.8,12.5,5.1,11.1,0.2,0.7,2.2,3,2.3,4.2,6.5,1.2,0.8,0.5,2.1,1
Rasual Butler,2002,72,21,7.5,2.9,7.9,0.7,2.4,1.1,1.4,0.4,2.2,2.6,1.3,0.3,0.6,1.1,1
Reggie Evans,2002,67,20.4,3.2,1,2.1,0,0,1.2,2.3,2.5,4.1,6.6,0.5,0.6,0.2,0.8,1
Smush Parker,2002,66,16.7,6.2,2.1,5.1,0.6,1.8,1.5,1.8,0.4,1.4,1.8,2.5,0.7,0.2,2,1
Mike Dunleavy,2002,82,15.9,5.7,2,5.1,0.6,1.8,1,1.2,0.8,1.8,2.6,1.3,0.7,0.2,1.1,1
Juan Dixon,2002,42,15.4,6.4,2.5,6.5,0.6,2,0.9,1.1,0.3,1.4,1.7,1,0.6,0.1,1,1
Melvin Ely,2002,52,15.4,4.5,1.8,3.6,0,0,1,1.4,1.2,2.1,3.3,0.3,0.2,0.6,1,1
Mike Wilks,2002,46,15,3.2,1.1,3.2,0.2,0.8,0.8,1,0.4,1.1,1.5,2,0.6,0.1,0.6,1
Kareem Rush,2002,76,11.5,3,1.3,3.2,0.3,0.9,0.2,0.3,0.3,0.9,1.2,0.9,0.1,0.1,0.8,1
Chris Wilcox,2002,46,10.4,3.7,1.6,3,0,0,0.5,1.1,0.7,1.6,2.3,0.5,0.1,0.3,0.6,1
Dan Dickau,2002,50,10.3,3.7,1.4,3.4,0.4,1.2,0.4,0.5,0.2,0.7,0.9,1.7,0.3,0,1.1,1
Tayshaun Prince,2002,42,10.4,3.3,1.3,2.8,0.5,1.1,0.3,0.4,0.1,1,1.1,0.6,0.2,0.3,0.5,1
John Salmons,2002,64,7.9,2.1,0.8,1.8,0.2,0.5,0.4,0.5,0.3,0.7,0.9,0.7,0.3,0.1,0.5,1
Terence Morris,2001,68,16.3,3.8,1.6,4.3,0.2,1.1,0.3,0.4,1.1,2,3.1,0.9,0.3,0.4,0.7,0
Kenny Satterfield,2001,36,15.6,5.3,2,5.5,0.2,0.8,1,1.3,0.5,1,1.4,3,0.9,0,1.5,0
Will Solomon,2001,62,14.1,5.2,1.8,5.3,0.7,2.6,0.8,1.2,0.2,0.9,1.1,1.5,0.6,0.1,1,0
Tierre Brown,2001,40,10.1,3.1,1.2,2.9,0.1,0.3,0.5,0.7,0.3,0.8,1.1,1.8,0.5,0.1,1,0
Alton Ford,2001,53,8.5,3.1,1.2,2.2,0,0,0.8,1.1,0.6,1.4,2,0.1,0.1,0.1,0.6,0
Joe Crispin,2001,21,7.4,3.8,1.2,3.2,0.7,1.9,0.6,0.6,0.1,0.4,0.5,1.2,0.2,0,0.5,0
Brandon Armstrong,2001,35,5.6,1.8,0.8,2.4,0.1,0.5,0.1,0.3,0.3,0.2,0.5,0.2,0.2,0,0.2,0
Shane Battier,2001,78,39.7,14.4,5.3,12.3,1.3,3.5,2.5,3.6,2.3,3.1,5.4,2.8,1.6,1,2,1
Jason Richardson,2001,80,32.9,14.4,5.8,13.6,1,3.1,1.8,2.6,1.6,2.7,4.3,3,1.3,0.4,2,1
Jamaal Tinsley,2001,80,30.5,9.4,3.6,9.5,0.5,2.2,1.6,2.3,1,2.8,3.7,8.1,1.7,0.5,3.4,1
Trenton Hassell,2001,78,28.7,8.7,3.4,8.1,0.8,2.1,1.1,1.5,0.8,2.4,3.3,2.2,0.7,0.6,1.3,1
Eddie Griffin,2001,73,26,8.8,3.3,9.1,1.2,3.7,0.9,1.2,1.6,4.1,5.7,0.7,0.2,1.8,0.6,1
Joe Johnson,2001,77,24.9,7.5,3.3,7.6,0.5,1.7,0.5,0.7,1,2.4,3.3,2.3,0.8,0.3,0.9,1
Gilbert Arenas,2001,47,24.6,10.9,3.7,8.2,0.8,2.4,2.6,3.4,0.9,1.9,2.8,3.7,1.5,0.2,2.1,1
Richard Jefferson,2001,79,24.3,9.4,3.4,7.5,0.2,0.7,2.4,3.4,1.1,2.6,3.7,1.8,0.8,0.6,1.4,1
Speedy Claxton,2001,67,22.8,7.2,2.7,6.7,0.1,0.5,1.7,2,0.7,1.7,2.4,3,1.4,0.1,1.4,1
Jarron Collins,2001,70,20.6,6.4,2.3,4.9,0,0,1.9,2.6,2,2.3,4.2,0.8,0.4,0.3,0.8,1
Brendan Haywood,2001,62,20.4,5.1,1.8,3.6,0,0,1.6,2.6,2.3,2.9,5.2,0.5,0.3,1.5,0.8,1
Tyson Chandler,2001,71,19.6,6.1,2.1,4.3,0,0,1.9,3.1,1.6,3.2,4.8,0.8,0.4,1.3,1.4,1
Jason Collins,2001,77,18.3,4.5,1.5,3.6,0,0,1.5,2.1,1.7,2.2,3.9,1.1,0.4,0.6,0.9,1
Troy Murphy,2001,82,17.7,5.9,2.2,5.2,0,0.1,1.5,1.9,1.2,2.7,3.9,0.9,0.4,0.3,1,1
Eddy Curry,2001,72,16,6.7,2.6,5.2,0,0,1.5,2.2,1.5,2.2,3.8,0.3,0.2,0.7,1,1
Earl Watson,2001,64,15.1,3.6,1.5,3.3,0.3,0.7,0.4,0.6,0.5,0.8,1.3,2,0.9,0.1,0.8,1
Kwame Brown,2001,57,14.3,4.5,1.6,4.3,0,0,1.2,1.7,1.1,2.4,3.5,0.8,0.3,0.5,0.8,1
Etan Thomas,2001,47,13.1,4.3,1.7,3.2,0,0,0.9,1.6,1.2,2.7,3.9,0.1,0.4,0.7,0.6,1
Steven Hunter,2001,53,9.7,3.6,1.3,2.8,0,0,1,1.8,0.8,1.1,1.8,0.1,0.1,0.8,0.3,1
Loren Woods,2001,60,8.6,1.8,0.6,1.6,0,0,0.7,1,0.8,1.3,2,0.4,0.3,0.6,0.6,1
Gerald Wallace,2001,54,8,3.2,1.4,3.2,0,0.1,0.4,0.9,0.9,0.7,1.6,0.5,0.3,0.1,0.4,1
Zach Randolph,2001,41,5.8,2.8,1.2,2.6,0,0,0.4,0.7,0.8,0.9,1.7,0.3,0.2,0.1,0.4,1
Chris Porter,2000,51,22.5,8.6,3.4,8.7,0,0.1,1.8,2.8,1.7,2,3.7,1.2,0.9,0.1,1.2,0
Courtney Alexander,2000,65,21.3,9.5,3.7,8.8,0.3,0.7,1.9,2.3,0.6,1.6,2.2,1,0.7,0.1,1.1,0
Khalid El-Amin,2000,50,18.7,6.3,2.3,6.2,0.6,1.7,1.1,1.4,0.4,1.2,1.6,2.9,1,0,1.1,0
Mike Penberthy,2000,53,16.1,5,1.7,4.2,1,2.6,0.5,0.6,0.2,1,1.2,1.3,0.4,0,0.6,0
Paul McPherson,2000,55,10.8,4.8,2,3.9,0,0.2,0.8,1.1,0.7,0.7,1.4,0.7,0.5,0.1,0.8,0
Daniel Santiago,2000,54,10.8,3.1,1.2,2.5,0,0,0.8,1.1,0.6,1.2,1.9,0.2,0.3,0.4,0.9,0
Kenyon Martin,2000,68,33.4,12,5.1,11.4,0,0.2,1.8,2.8,2,5.4,7.4,1.9,1.1,1.7,2,1
Marc Jackson,2000,48,29.4,13.2,4.9,10.6,0.1,0.5,3.2,4,2.5,5,7.5,1.2,0.7,0.6,1.9,1
Mike Miller,2000,82,29.1,11.9,4.5,10.3,1.8,4.4,1.1,1.6,0.8,3.2,4,1.7,0.6,0.2,1.2,1
Darius Miles,2000,81,26.3,9.4,3.9,7.8,0,0.2,1.5,2.9,1.6,4.3,5.9,1.2,0.6,1.5,1.8,1
Morris Peterson,2000,80,22.6,9.3,3.6,8.4,0.8,2.1,1.3,1.8,1.4,1.8,3.2,1.3,0.8,0.3,1,1
Marcus Fizer,2000,72,21.9,9.5,3.9,9,0.1,0.5,1.6,2.2,1.1,3.3,4.3,1.1,0.4,0.3,1.7,1
Stephen Jackson,2000,77,21.6,8.2,3.2,7.4,0.7,2,1.3,1.8,0.5,2.2,2.7,1.8,1.1,0.2,1.7,1
Chris Mihm,2000,59,19.8,7.6,2.9,6.6,0,0,1.7,2.1,1.8,2.9,4.7,0.3,0.3,0.9,1.4,1
Desmond Mason,2000,78,19.5,5.9,2.4,5.6,0.2,0.9,0.9,1.2,0.9,2.3,3.2,0.8,0.5,0.3,0.7,1
Quentin Richardson,2000,76,17.9,8.1,3.1,6.9,0.7,2,1.3,2.1,1.4,2,3.4,0.8,0.6,0.1,0.8,1
Mark Blount,2000,64,17.2,3.9,1.6,3.1,0,0,0.7,1,1.5,2.1,3.6,0.5,0.6,1.2,1,1
Jamal Crawford,2000,61,17.2,4.6,1.8,5,0.7,1.9,0.4,0.6,0.1,1.3,1.5,2.3,0.7,0.2,1.4,1
DerMarr Johnson,2000,78,16.8,5.1,1.9,5,0.5,1.6,0.8,1.1,0.7,1.6,2.3,0.8,0.6,0.4,1.2,1
Stromile Swift,2000,80,16.4,4.9,1.9,4.2,0,0.1,1.1,1.8,1.4,2.2,3.6,0.4,0.8,1,0.8,1
Keyon Dooling,2000,76,16.3,5.9,1.9,4.8,0.4,1.1,1.6,2.4,0.1,1.1,1.2,2.3,0.5,0.1,1.2,1
Mateen Cleaves,2000,78,16.3,5.4,2.1,5.1,0.1,0.2,1.2,1.8,0.3,1.4,1.7,2.7,0.6,0,1.8,1
Lee Nailon,2000,42,11.2,3.9,1.6,3.2,0,0,0.8,1,0.7,1.5,2.2,0.6,0.2,0.1,0.6,1
Eddie House,2000,50,11,5,2.1,4.9,0.4,1.1,0.5,0.7,0.1,0.7,0.8,1,0.3,0,0.7,1
Mark Madsen,2000,70,9.2,2,0.8,1.6,0,0,0.4,0.5,1.1,1.1,2.2,0.3,0.1,0.1,0.4,1
DeShawn Stevenson,2000,40,7.3,2.2,0.8,2.3,0,0.3,0.7,1,0.2,0.5,0.7,0.5,0.3,0.1,0.7,1
Vonteego Cummings,1999,75,23.9,9.4,3.5,8.7,0.7,2,1.7,2.3,0.8,1.7,2.5,3.3,1.2,0.2,1.8,0
Chris Herren,1999,45,13.3,3.1,1,2.8,0.5,1.5,0.6,0.9,0.3,0.9,1.2,2.5,0.3,0,0.9,0
Quincy Lewis,1999,74,12.1,3.8,1.5,4,0.3,0.9,0.5,0.7,0.6,0.9,1.5,0.5,0.3,0.2,0.6,0
Cal Bowdler,1999,46,9.2,2.7,1.1,2.5,0,0,0.5,0.8,0.5,1.4,1.8,0.3,0.3,0.2,0.5,0
Roy Rogers,1999,40,8.9,2.2,0.9,2.2,0,0,0.5,1,0.8,1.2,2,0.2,0.1,0.9,0.3,0
William Avery,1999,59,8.2,2.6,0.9,3.1,0.3,1.1,0.4,0.6,0.1,0.5,0.7,1.5,0.2,0,0.7,0
Lari Ketner,1999,22,6,1.5,0.6,1.5,0,0,0.4,0.5,0.5,1,1.5,0,0.2,0.1,0.5,0
Elton Brand,1999,81,37,20.1,7.8,16.1,0,0,4.5,6.6,4.3,5.7,10,1.9,0.8,1.6,2.8,1
Lamar Odom,1999,76,36.4,16.6,5.9,13.5,0.8,2.2,4,5.5,2.1,5.7,7.8,4.2,1.2,1.3,3.4,1
Steve Francis,1999,77,36.1,18,6.5,14.5,1.4,4,3.7,4.7,2,3.3,5.3,6.6,1.5,0.4,4,1
Metta World Peace,1999,72,31.1,12,4.3,10.5,0.8,2.7,2.6,3.9,0.9,3.4,4.3,2.8,1.6,0.5,2.3,1
Adrian Griffin,1999,72,26.8,6.7,2.4,5.7,0.2,0.8,1.7,2.2,1.8,3.4,5.2,2.5,1.6,0.2,1.3,1
Andre Miller,1999,82,25.5,11.1,4.1,9.2,0.1,0.6,2.8,3.6,1,2.4,3.4,5.8,1,0.2,2,1
James Posey,1999,81,25.3,8.2,2.8,6.6,1,2.7,1.5,1.9,1,2.9,3.9,1.8,1.2,0.4,1.2,1
Kenny Thomas,1999,72,25,8.3,2.9,7.4,0.4,1.7,1.9,2.9,2,4,6.1,1.6,0.8,0.3,1.6,1
Shawn Marion,1999,51,24.7,10.2,4.4,9.2,0.1,0.4,1.4,1.7,2.1,4.5,6.5,1.4,0.8,1,1,1
Anthony Carter,1999,79,23.5,6.3,2.5,6.4,0,0.3,1.2,1.6,0.6,1.9,2.5,4.8,1.2,0.1,2.2,1
Jason Terry,1999,81,23.3,8.1,3.1,7.4,0.6,1.9,1.4,1.7,0.3,1.8,2,4.3,1.1,0.1,1.9,1
Chucky Atkins,1999,82,19.8,9.5,3.8,9,0.7,2,1.2,1.6,0.2,1.3,1.5,3.7,0.6,0,1.7,1
Richard Hamilton,1999,71,19.3,9,3.6,8.5,0.4,1.1,1.5,1.9,0.5,1.3,1.8,1.5,0.4,0.1,1.2,1
Greg Buckner,1999,48,19.2,5.7,2.3,4.9,0.2,0.5,0.9,1.3,1.2,2.5,3.6,1.1,0.8,0.4,0.8,1
Baron Davis,1999,82,18.6,5.9,2.2,5.3,0.3,1.4,1.2,1.9,0.6,1.4,2,3.8,1.2,0.2,1.7,1
Corey Maggette,1999,77,17.8,8.4,2.9,6.1,0,0.1,2.5,3.4,1.6,2.3,3.9,0.8,0.3,0.3,1.8,1
Eddie Robinson,1999,67,16.6,7,3.2,5.8,0,0.1,0.7,1,0.8,1.9,2.7,0.5,0.7,0.4,0.6,1
Michael Ruffin,1999,71,13.7,2.2,0.8,1.9,0,0,0.6,1.2,1.6,1.9,3.5,0.6,0.4,0.4,0.8,1
Ryan Bowen,1999,52,11.3,2.5,0.9,2.3,0,0.2,0.7,1,1.4,0.8,2.2,0.4,0.8,0.3,0.3,1
Scott Padgett,1999,47,9.2,2.6,0.9,3,0.3,0.9,0.4,0.6,0.5,1.4,1.9,0.5,0.3,0.2,0.5,1
Milt Palacio,1999,53,7.4,2,0.8,1.8,0,0,0.4,0.7,0.3,0.6,1,0.9,0.4,0,0.8,1
Devean George,1999,49,7,3.2,1.1,2.9,0.3,1,0.6,0.8,0.6,0.9,1.5,0.2,0.2,0.1,0.4,1
Tyrone Nesby,1998,50,25.8,10.1,3.6,8.1,0.7,1.9,2.1,2.7,1.1,2.4,3.5,1.6,1.5,0.4,1.1,0
Cory Carr,1998,42,14.9,4.1,1.7,5.1,0.1,0.7,0.6,0.8,0.2,1,1.2,1.6,0.5,0.2,1.1,0
J.R. Henderson,1998,30,11,3.2,1.2,3.2,0.1,0.2,0.8,1.5,0.7,0.9,1.6,0.7,0.3,0.1,0.6,0
Corey Benjamin,1998,31,10.3,3.8,1.4,3.8,0.1,0.5,0.9,1.3,0.5,0.8,1.3,0.3,0.3,0.3,0.7,0
Roshown McLeod,1998,34,10.2,4.8,1.8,4.8,0,0.3,1.1,1.3,0.4,1.1,1.5,0.4,0.1,0,0.7,0
Toby Bailey,1998,27,9.2,2.9,1.3,3.2,0,0.2,0.3,0.5,0.9,1.1,2,0.5,0.3,0.1,0.4,0
Marlon Garnett,1998,24,8.5,2.1,0.6,2.1,0.3,1,0.6,0.8,0.1,0.8,0.9,0.8,0.2,0,0.5,0
Andrae Patterson,1998,35,8.1,3.3,1.2,2.8,0,0.1,0.8,1,0.9,1,1.9,0.4,0.5,0.2,0.6,0
Gerald Brown,1998,33,7.2,2.4,1,2.7,0.1,0.3,0.3,0.4,0.2,0.5,0.7,0.9,0.1,0,0.7,0
Jason Williams,1998,50,36.1,12.8,4.6,12.3,2,6.5,1.6,2.1,0.3,2.8,3.1,6,1.9,0,2.9,1
Vince Carter,1998,50,35.2,18.3,6.9,15.3,0.4,1.3,4.1,5.4,1.9,3.8,5.7,3,1.1,1.5,2.2,1
Mike Bibby,1998,50,35.2,13.2,5.2,12.1,0.3,1.5,2.5,3.4,0.6,2.1,2.7,6.5,1.6,0.1,2.9,1
Paul Pierce,1998,48,34,16.5,5.9,13.5,1.8,4.3,2.9,4.1,2.4,4,6.4,2.4,1.7,1,2.4,1
Michael Dickerson,1998,50,31.2,10.9,4.3,9.2,1.4,3.3,0.9,1.4,0.5,1.1,1.7,1.9,0.5,0.2,1.3,1
Jamie Feick,1998,28,30.4,6.3,2.4,4.8,0,0,1.5,2.1,4,6.3,10.3,0.9,0.9,0.6,1.2,1
Cuttino Mobley,1998,49,29.7,9.9,3.5,8.3,1.1,3,1.8,2.2,0.4,1.8,2.3,2.5,0.9,0.5,1.6,1
Antawn Jamison,1998,47,22.5,9.6,3.8,8.4,0.1,0.2,1.9,3.3,2.8,3.6,6.4,0.7,0.8,0.3,1.4,1
Matt Harpring,1998,50,22.3,8.2,3,6.4,0.2,0.5,2,2.9,1.8,2.5,4.3,0.9,0.6,0.1,1.5,1
Larry Hughes,1998,50,19.8,9.1,3.4,8.3,0.2,1,2.1,3,1.7,2.1,3.8,1.5,0.9,0.3,1.4,1
Robert Traylor,1998,49,16,5.3,2.2,4.1,0,0,0.9,1.6,1.6,2.1,3.7,0.8,0.9,0.9,0.9,1
Michael Doleac,1998,49,15.9,6.2,2.6,5.4,0,0,1.1,1.6,1.3,1.7,3,0.4,0.4,0.3,0.5,1
Keon Clark,1998,28,14.6,3.3,1.3,2.9,0,0,0.8,1.3,1.3,2.1,3.4,0.4,0.4,1.1,0.8,1
Damon Jones,1998,24,14.3,5.2,1.8,5,1,2.6,0.6,0.7,0.3,1.6,1.8,1.8,0.5,0,0.7,1
Pat Garrity,1998,39,13.8,5.6,2.2,4.4,0.2,0.5,1,1.4,0.7,1.3,1.9,0.5,0.2,0.1,0.5,1
Bryce Drew,1998,34,13,3.5,1.4,3.8,0.5,1.4,0.2,0.2,0.1,0.9,0.9,1.5,0.3,0.1,0.9,1
Jelani McCoy,1998,26,12.7,5.1,2.2,2.9,0,0,0.8,1.6,1,2,3,0.2,0.4,0.8,0.4,1
Brad Miller,1998,38,12.3,6.3,2.1,3.6,0,0.1,2.1,2.7,0.9,2.2,3.1,0.6,0.2,0.5,0.8,1
Ricky Davis,1998,46,12.1,4.5,1.8,4.3,0,0.3,1,1.3,0.9,1,1.8,1.3,0.7,0.1,1.2,1
Earl Boykins,1998,22,10,3,1.4,3.6,0.1,0.8,0.1,0.1,0.3,0.5,0.8,1.5,0.3,0,0.9,1
Ruben Patterson,1998,24,6,2.7,0.9,2.1,0,0.3,0.9,1.3,0.7,0.5,1.3,0.1,0.2,0.1,0.5,1
Nazr Mohammed,1998,26,4.7,1.6,0.6,1.6,0,0,0.5,0.8,0.7,0.7,1.4,0.1,0.2,0.1,0.5,1
Eric Washington,1997,66,23.3,7.7,3,7.5,0.7,2.1,1,1.3,0.7,1.2,1.9,1.2,0.8,0.4,1.1,0
Rodrick Rhodes,1997,58,18.4,5.8,1.9,5.3,0,0.1,1.9,3.1,0.5,0.7,1.2,1.9,1.1,0.2,1.7,0
Jerald Honeycutt,1997,38,13.9,6.4,2.4,5.8,0.8,2,0.9,1.5,0.7,1.7,2.4,0.9,0.5,0.2,1.3,0
Keith Closs,1997,58,12.8,4,1.6,3.6,0,0,0.8,1.3,1.1,1.8,2.9,0.3,0.2,1.4,0.7,0
Bubba Wells,1997,39,10.1,3.3,1.2,3,0,0.2,0.8,1.1,0.6,1.2,1.7,0.9,0.4,0.1,0.8,0
Travis Williams,1997,39,9.4,3.5,1.4,3.1,0,0,0.6,1.2,1.4,1,2.4,0.5,0.5,0.1,0.8,0
Chris Garner,1997,38,7.7,1.4,0.6,1.8,0.1,0.4,0.1,0.2,0.2,0.4,0.6,1.2,0.6,0.1,0.7,0
Keith Van Horn,1997,62,37.5,19.7,7.2,16.9,1.1,3.6,4.2,4.9,2.3,4.3,6.6,1.7,1,0.4,2.6,1
Ron Mercer,1997,80,33.3,15.3,6.4,14.3,0,0.4,2.4,2.8,1.4,2.1,3.5,2.2,1.6,0.2,1.6,1
Brevin Knight,1997,80,31,9,3.3,7.4,0,0.1,2.5,3.1,0.8,2.3,3.2,8.2,2.5,0.2,2.4,1
Cedric Henderson,1997,82,30.8,10.1,4.2,8.8,0,0,1.7,2.3,0.9,3.1,4,2,1.2,0.6,2,1
Bobby Jackson,1997,68,30,11.6,4.6,11.6,0.3,1.2,2.2,2.7,1.1,3.3,4.4,4.7,1.5,0.2,2.7,1
Anthony Johnson,1997,77,29.4,7.5,2.9,7.9,0.5,1.7,1,1.4,0.7,1.6,2.2,4.3,0.8,0.1,1.6,1
Derek Anderson,1997,66,27.9,11.7,3.6,8.9,0.3,1.3,4.2,4.8,0.8,2,2.8,3.4,1.3,0.2,1.9,1
Chauncey Billups,1997,80,27.7,11.2,3.5,9.4,1.3,4.1,2.8,3.3,0.8,1.6,2.4,3.9,1.3,0.1,2.2,1
Antonio Daniels,1997,74,26.4,7.8,3.1,7.4,0.1,0.7,1.5,2.3,0.3,1.6,1.9,4.5,0.7,0.1,2.2,1
Tony Battie,1997,65,23.2,8.4,3.6,8.1,0,0.2,1.1,1.6,2.1,3.3,5.4,0.9,0.8,1.1,1.5,1
Tim Thomas,1997,77,23.1,11,4,8.9,0.8,2.2,2.2,3,1.4,2.4,3.7,1.2,0.7,0.2,1.5,1
Danny Fortson,1997,80,22.6,10.2,3.5,7.6,0,0,3.3,4.2,2.3,3.3,5.6,1,0.6,0.4,2,1
Maurice Taylor,1997,71,21.3,11.5,4.5,9.5,0,0,2.4,3.4,1.7,2.5,4.2,0.7,0.5,0.6,1.5,1
Lawrence Funderburke,1997,52,21,9.5,3.7,7.5,0,0.1,2.1,3.1,1.5,3,4.5,1.2,0.4,0.3,1.2,1
Alvin Williams,1997,54,19.8,6,2.3,5.2,0.2,0.5,1.2,1.7,0.4,1.1,1.5,1.9,0.7,0.1,1.1,1
Tracy McGrady,1997,64,18.4,7,2.8,6.2,0.2,0.6,1.2,1.7,1.6,2.6,4.2,1.5,0.8,0.9,1,1
Rick Brunson,1997,38,16.4,4.3,1.3,3.7,0.6,1.6,1.1,1.6,0.4,1.1,1.5,2.6,0.7,0.1,1.4,1
Kelvin Cato,1997,74,13.6,3.8,1.3,3.1,0,0,1.2,1.7,1.2,2.2,3.4,0.3,0.4,1.3,0.6,1
Kevin Ollie,1997,35,12.3,3.5,1.1,2.8,0,0,1.4,2,0.3,0.9,1.1,1.9,0.4,0,1.3,1
John Thomas,1997,54,9.9,2.8,1,2.1,0,0,0.8,1,0.9,1.1,2,0.3,0.4,0.2,0.8,1
Jacque Vaughn,1997,45,9.3,3.1,1,2.7,0.1,0.2,1.1,1.5,0.1,0.8,0.8,1.9,0.2,0,1.2,1
Charles Smith,1997,34,8.6,3.5,1.4,3.7,0.4,1.4,0.2,0.3,0.4,0.4,0.8,0.6,0.3,0.2,0.8,1
Chris Crawford,1997,40,6.4,3.8,1.2,2.8,0,0.1,1.4,1.7,0.5,0.5,1,0.2,0.3,0.2,0.5,1
Anthony Parker,1997,37,5.3,1.9,0.7,1.7,0.2,0.8,0.4,0.5,0.2,0.5,0.7,0.5,0.3,0.1,0.3,1
Chris Robinson,1996,41,16.6,4.6,1.7,4.4,0.8,2.2,0.4,0.6,0.6,1.2,1.7,1.6,0.7,0.2,0.8,0
Ray Owes,1996,57,10.4,3.1,1.3,3.2,0,0.1,0.5,0.8,1.1,1.7,2.9,0.3,0.3,0.3,0.4,0
Brett Szabo,1996,70,9.5,2.2,0.8,1.7,0,0,0.6,0.9,0.8,1.6,2.4,0.2,0.2,0.5,0.6,0
Steve Hamer,1996,35,7.7,2.2,0.9,1.6,0,0.1,0.5,0.8,0.5,1.2,1.7,0.2,0.1,0.1,0.4,0
Priest Lauderdale,1996,35,5.1,3.2,1.4,2.5,0,0,0.4,0.7,0.5,0.8,1.2,0.3,0,0.3,1.1,0
Kerry Kittles,1996,82,36.7,16.4,6.2,14.5,1.9,5.1,2.1,2.8,1.3,2.6,3.9,3,1.9,0.4,1.6,1
Antoine Walker,1996,82,36.2,17.5,7,16.5,0.6,1.9,2.8,4.5,3.5,5.5,9,3.2,1.3,0.7,2.8,1
Shareef Abdur-Rahim,1996,80,35,18.7,6.9,15.2,0.1,0.3,4.8,6.5,2.7,4.2,6.9,2.2,1,1,2.8,1
Stephon Marbury,1996,67,34.7,15.8,5.3,13,1.5,4.3,3.7,5,0.8,1.9,2.7,7.8,1,0.3,3.1,1
Ray Allen,1996,82,30.9,13.4,4.8,11.1,1.4,3.6,2.5,3,1.2,2.8,4,2.6,0.9,0.1,1.8,1
Marcus Camby,1996,63,30.1,14.8,6,12.3,0,0.2,2.9,4.2,2.1,4.2,6.3,1.5,1.1,2.1,2.1,1
Matt Maloney,1996,82,29.1,9.4,3.3,7.5,1.9,4.6,0.9,1.1,0.2,1.7,2,3.7,1,0,1.5,1
Lorenzen Wright,1996,77,25.1,7.3,3.1,6.4,0,0.1,1.1,1.9,2.7,3.4,6.1,0.6,0.6,0.8,1,1
Dean Garrett,1996,68,24.5,8,3.3,5.7,0,0,1.4,2,2.2,5.1,7.3,0.6,0.6,1.4,0.5,1
Shandon Anderson,1996,65,16.4,5.9,2.3,4.9,0.4,0.7,1,1.5,0.8,2,2.8,0.8,0.4,0.1,1.1,1
Travis Knight,1996,71,16.3,4.8,2,3.9,0,0,0.9,1.4,1.8,2.7,4.5,0.5,0.4,0.8,0.7,1
Kobe Bryant,1996,71,15.5,7.6,2.5,5.9,0.7,1.9,1.9,2.3,0.7,1.2,1.9,1.3,0.7,0.3,1.6,1
Randy Livingston,1996,64,15.3,3.9,1.6,3.6,0.1,0.3,0.7,1,0.5,1,1.5,2.4,0.6,0.2,1.6,1
Jamie Feick,1996,41,15.2,3.7,1.4,3.8,0.1,0.3,0.8,1.6,2,3.2,5.2,0.6,0.4,0.3,0.8,1
Othella Harrington,1996,57,15.1,4.8,2,3.6,0,0.1,0.9,1.4,1.3,2.2,3.5,0.3,0.2,0.4,1,1
Erick Dampier,1996,72,14.6,5.1,1.8,4.7,0,0,1.5,2.3,1.3,2.8,4.1,0.6,0.3,1,1.2,1
Tony Delk,1996,61,14.2,5.4,2,4.2,0.9,1.8,0.7,0.8,0.5,1.1,1.6,1.6,0.6,0.1,1.1,1
Samaki Walker,1996,43,14,5,1.9,4.3,0,0,1.1,1.7,1.1,2.3,3.4,0.4,0.3,0.5,0.9,1
Todd Fuller,1996,75,12.7,4.1,1.5,3.5,0,0,1,1.5,1.4,1.9,3.3,0.3,0.1,0.3,0.7,1
John Wallace,1996,68,11.6,4.8,1.8,3.5,0,0.1,1.2,1.6,0.8,1.5,2.3,0.5,0.3,0.4,1.1,1
Derek Fisher,1996,80,11.5,3.9,1.3,3.3,0.3,0.9,1,1.5,0.3,0.9,1.2,1.5,0.5,0.1,0.9,1
Jermaine O'Neal,1996,45,10.2,4.1,1.5,3.4,0,0,1,1.7,0.9,1.9,2.8,0.2,0,0.6,0.6,1
Malik Rose,1996,54,9.7,3,1.1,2.4,0,0,0.7,1.1,1.3,1.7,3,0.6,0.5,0.3,0.8,1
Darvin Ham,1996,36,8.8,2.3,0.9,1.7,0,0,0.5,1,0.8,0.8,1.6,0.4,0.3,0.2,0.6,1
Walter McCarty,1996,35,5.5,1.8,0.7,1.9,0.1,0.4,0.2,0.4,0.2,0.4,0.7,0.4,0.2,0.3,0.5,1
Tyus Edney,1995,80,31,10.8,3.8,9.3,0.7,1.8,2.5,3.2,0.8,1.7,2.5,6.1,1.1,0,2.4,0
Ashraf Amaya,1995,54,20.4,6.3,2.2,4.7,0,0,1.8,2.8,2.1,3.5,5.6,0.6,0.4,0.2,1.1,0
Loren Meyer,1995,72,17.6,5,2,4.6,0,0.2,1,1.4,1.6,2.8,4.4,0.8,0.3,0.4,0.9,0
Jimmy King,1995,62,14,4.5,1.8,4.1,0.1,0.5,0.9,1.2,0.7,1.1,1.8,1.4,0.3,0.2,1,0
Shawn Respert,1995,62,13.6,4.9,1.8,4.7,0.7,2,0.6,0.7,0.5,0.7,1.2,1.1,0.5,0.1,0.7,0
Lawrence Moten,1995,44,13,6.6,2.5,5.6,0.4,1.3,1.1,1.7,0.8,0.6,1.4,1.1,0.7,0.2,1,0
Terrence Rencher,1995,36,11.3,2.9,0.9,2.8,0.3,0.8,0.9,1.3,0.3,1,1.2,1.5,0.4,0.1,1.2,0
Jerome Allen,1995,41,8.8,2.6,0.9,2.6,0.2,0.8,0.6,0.9,0.1,0.5,0.6,1.2,0.5,0.1,0.8,0
Junior Burrough,1995,61,8.1,3.1,1,2.8,0,0,1,1.5,0.7,1,1.8,0.2,0.3,0.2,0.7,0
Lou Roe,1995,49,7.6,1.8,0.7,1.8,0,0.2,0.5,0.7,0.6,1,1.6,0.3,0.2,0.2,0.3,0
Marques Bragg,1995,53,7,2.5,1,2.3,0,0,0.4,0.8,0.7,0.8,1.5,0.2,0.3,0.1,0.5,0
Todd Mundt,1995,33,4.6,1.1,0.5,1.2,0,0,0.2,0.2,0.3,0.5,0.8,0.1,0.1,0.1,0.1,0
Damon Stoudamire,1995,70,40.9,19,6.9,16.1,1.9,4.8,3.4,4.2,0.8,3.2,4,9.3,1.4,0.3,3.8,1
Michael Finley,1995,82,39.2,15,5.7,11.9,0.7,2.3,3,3.9,1.7,2.9,4.6,3.5,1,0.4,1.6,1
Jerry Stackhouse,1995,72,37.5,19.2,6.3,15.2,1.3,4.1,5.4,7.2,1.3,2.4,3.7,3.9,1.1,1.1,3.5,1
Joe Smith,1995,82,34.4,15.3,5.7,12.5,0.1,0.3,3.7,4.8,3.7,5.1,8.7,1,1,1.6,1.7,1
Bryant Reeves,1995,77,31.9,13.3,5.2,11.4,0,0,2.8,3.9,2.3,5.1,7.4,1.4,0.6,0.7,2,1
Antonio McDyess,1995,76,30,13.4,5.6,11.6,0,0.1,2.2,3.2,3,4.5,7.5,1,0.7,1.5,2,1
Kevin Garnett,1995,80,28.7,10.4,4.5,9.2,0.1,0.4,1.3,1.9,2.2,4.1,6.3,1.8,1.1,1.6,1.4,1
Rasheed Wallace,1995,65,27.5,10.1,4.2,8.7,0.4,1.3,1.2,1.8,1.4,3.2,4.7,1.3,0.7,0.8,1.6,1
Brent Barry,1995,79,24,10.1,3.6,7.6,1.6,3.7,1.4,1.7,0.5,1.6,2.1,2.9,1.2,0.3,1.5,1
Eric Williams,1995,64,23,10.7,3.8,8.5,0,0.2,3.1,4.7,1.4,2,3.4,1.1,0.9,0.2,1.4,1
Kurt Thomas,1995,74,22.4,9,3.7,7.4,0,0,1.6,2.4,1.6,4.3,5.9,0.6,0.6,0.5,1.3,1
Alan Henderson,1995,79,17.9,6.4,2.4,5.5,0,0,1.5,2.5,2.1,2.4,4.5,0.6,0.6,0.5,1.1,1
Gary Trent,1995,69,17.7,7.5,3.2,6.2,0,0.1,1.1,2,1.2,2.2,3.4,0.7,0.4,0.2,1.3,1
Theo Ratliff,1995,75,17.4,4.5,1.7,3.1,0,0,1.1,1.6,1.5,2.5,4,0.2,0.2,1.6,0.8,1
Anthony Goldwire,1995,42,14.8,5.5,1.8,4.5,0.8,2,1.1,1.4,0.2,0.8,1,2.7,0.4,0,1.5,1
Bob Sura,1995,79,14.6,5.3,1.9,4.6,0.3,1,1.3,1.8,0.4,1.3,1.7,2.9,0.7,0.3,1.5,1
Don Reid,1995,69,14.4,3.8,1.5,2.7,0,0,0.7,1.1,1.1,1.8,2.9,0.2,0.7,0.6,0.6,1
Cherokee Parks,1995,64,13.6,3.9,1.6,3.9,0.1,0.4,0.6,1,1,2.3,3.4,0.5,0.4,0.5,0.5,1
Greg Ostertag,1995,57,11.6,3.6,1.5,3.2,0,0,0.6,0.9,1,2.1,3.1,0.1,0.1,1.1,0.4,1
Corliss Williamson,1995,53,11.5,5.6,2.4,5.1,0,0.1,0.9,1.6,1.1,1.1,2.2,0.4,0.2,0.2,1.4,1
Mark Davis,1995,57,10,3.3,1,2.6,0.1,0.2,1.3,2,1,1.2,2.2,0.8,0.7,0.4,1.2,1
Chris Carr,1995,60,9.8,4,1.5,3.6,0.2,0.7,0.8,1,0.5,1.3,1.7,0.7,0.2,0.1,0.7,1
Travis Best,1995,59,9.7,3.7,1.2,2.8,0.1,0.4,1.3,1.5,0.2,0.6,0.7,1.6,0.3,0.1,1.1,1
Jason Caffey,1995,57,9.6,3.2,1.2,2.8,0,0,0.7,1.2,0.9,1.1,1.9,0.4,0.2,0.1,0.8,1
Cory Alexander,1995,60,9.3,2.8,1.1,2.6,0.4,1.1,0.3,0.4,0.2,0.6,0.7,2,0.5,0,1.1,1
Eric Snow,1995,43,9,2.7,1,2.3,0,0.2,0.7,1.1,0.2,0.8,1,1.7,0.7,0,0.9,1
Glenn Robinson,1994,80,37,21.9,8,17.6,1.1,3.4,5,6.2,2.1,4.3,6.4,2.5,1.4,0.3,3.9,0
Sharone Wright,1994,79,25.9,11.4,4.6,9.8,0,0.1,2.3,3.6,2.4,3.6,6,0.6,0.5,1.3,1.9,0
Clifford Rozier,1994,66,22.6,6.8,2.9,5.9,0,0.1,1,2.3,3,4.3,7.4,0.7,0.5,0.6,1.4,0
Michael Smith,1994,82,21.2,6.9,2.7,5,0,0,1.5,3.2,2.1,3.8,5.9,0.8,0.7,0.6,1.3,0
Ryan Lorthridge,1994,37,18.2,7.4,2.9,6,0.1,0.4,1.5,2.4,0.6,1.3,1.9,2.7,0.8,0,1.5,0
Derrick Alston,1994,64,16.1,4.7,1.9,4,0,0.1,0.9,1.9,1.5,1.9,3.4,0.5,0.6,0.6,0.8,0
Anthony Tucker,1994,62,15.8,3.9,1.5,3.4,0,0,0.8,1.3,0.7,2,2.7,1.1,0.7,0.2,0.9,0
B.J. Tyler,1994,55,14.7,3.5,1.3,3.4,0.3,0.9,0.6,0.9,0.2,0.9,1.1,3.2,0.7,0,1.8,0
Eric Mobley,1994,46,12.8,3.9,1.7,2.9,0,0,0.5,1,1.2,2.1,3.3,0.5,0.2,0.6,0.5,0
Jamie Watson,1994,60,11.2,3.3,1.3,2.5,0.1,0.3,0.6,0.9,0.3,1,1.2,1,0.6,0.2,0.8,0
Tony Dumas,1994,58,10.6,4.6,1.7,4.3,0.4,1.3,0.9,1.3,0.6,0.5,1.1,1,0.2,0.1,0.9,0
Dwayne Morton,1994,41,9.6,4.1,1.2,3.1,0.2,0.6,1.4,2.1,0.5,0.9,1.4,0.4,0.3,0.4,0.7,0
Darrin Hancock,1994,46,9.2,3.3,1.5,2.6,0,0.1,0.3,0.8,0.3,0.8,1.2,0.7,0.4,0.1,0.7,0
Tim Breaux,1994,42,8.1,3,1.1,2.9,0.1,0.6,0.8,1.2,0.4,0.4,0.8,0.4,0.3,0.1,0.4,0
Trevor Ruffin,1994,49,6.5,4.8,1.7,4,0.8,2,0.6,0.8,0.2,0.3,0.5,1,0.3,0,1,0
Brooks Thompson,1994,38,6.5,3.1,1.2,3,0.5,1.5,0.2,0.3,0.2,0.4,0.6,1.1,0.3,0.1,0.7,0
Grant Hill,1994,70,38.3,19.9,7.3,15.2,0.1,0.4,5.3,7.3,1.8,4.6,6.4,5,1.8,0.9,2.9,1
Juwan Howard,1994,65,36.1,17,7,14.3,0,0.1,3,4.5,2.8,5.6,8.4,2.5,0.8,0.2,2.5,1
Jason Kidd,1994,79,33.8,11.7,4.2,10.8,0.9,3.3,2.4,3.5,1.9,3.5,5.4,7.7,1.9,0.3,3.2,1
Lamond Murray,1994,81,31.6,14.1,5.4,13.5,0.8,2.7,2.5,3.3,1.6,2.7,4.4,1.6,0.9,0.7,2,1
Eddie Jones,1994,64,31,14,5.3,11.6,1.4,3.8,1.9,2.6,1.2,2.7,3.9,2,2,0.6,1.2,1
Eric Montross,1994,78,29.7,10,3.9,7.4,0,0,2.1,3.4,2.5,4.7,7.3,0.5,0.4,0.8,1.4,1
Donyell Marshall,1994,72,29,12.6,4.8,12.2,1,3.4,2,3.1,1.9,3.7,5.6,1.5,0.6,1.2,1.6,1
Brian Grant,1994,80,28.6,13.2,5.2,10.1,0,0.1,2.9,4.5,2.6,4.9,7.5,1.2,0.6,1.4,2,1
Wesley Person,1994,78,23.1,10.4,4,8.2,1.5,3.4,1,1.3,0.9,1.7,2.6,1.3,0.6,0.3,1,1
Jalen Rose,1994,81,22.2,8.2,2.8,6.2,0.4,1.4,2.1,2.9,0.7,2,2.7,4.8,0.8,0.3,2,1
Khalid Reeves,1994,67,21.8,9.2,3.1,6.9,1,2.6,2.1,2.9,0.8,2,2.8,4.3,1.1,0.1,2,1
Carlos Rogers,1994,49,20.8,8.9,3.7,6.9,0,0.3,1.6,3,2.2,3.5,5.7,0.8,0.5,1.1,1.7,1
Chris Childs,1994,53,19.3,5.8,2,5.3,0.8,2.4,1,1.4,0.3,1,1.3,4.1,0.8,0.1,1.4,1
Aaron McKie,1994,45,18.4,6.5,2.6,5.8,0.2,0.6,1.1,1.6,0.8,2.1,2.9,2,0.8,0.4,0.9,1
Greg Minor,1994,63,15,6,2.5,4.8,0,0.2,1,1.2,0.8,1.4,2.2,1,0.5,0.3,0.7,1
Eric Piatkowski,1994,81,14.9,7,2.5,5.6,0.9,2.4,1.1,1.4,0.8,0.9,1.6,1,0.5,0.2,0.8,1
Monty Williams,1994,41,12.3,3.3,1.5,3.2,0,0.2,0.4,0.9,1,1.4,2.4,1.2,0.5,0.1,1,1
Anthony Miller,1994,46,11.5,4.1,1.5,2.9,0,0.1,1,1.7,1.5,1.8,3.3,0.8,0.4,0.1,0.8,1
Howard Eisley,1994,49,11.3,2.4,0.8,2.5,0.2,0.8,0.6,0.8,0.2,0.7,1,1.9,0.4,0.1,1,1
Bill Curley,1994,53,11.2,2.7,1.1,2.5,0,0,0.5,0.7,1,1.3,2.3,0.5,0.4,0.4,0.5,1
Dickey Simpkins,1994,59,9.9,3.5,1.3,3.1,0,0,0.8,1.2,1,1.5,2.6,0.6,0.2,0.1,0.8,1
Jim McIlvaine,1994,55,9.7,1.7,0.6,1.3,0,0,0.5,0.7,0.7,1.2,1.9,0.2,0.2,1.1,0.3,1
Harold Ellis,1993,49,18.8,8.7,3.2,6,0,0.1,2.2,3,1.9,1.2,3.1,0.6,1.5,0,0.9,0
Darren Morningstar,1993,23,16,4.2,1.7,3.6,0,0,0.8,1.3,1.3,2.2,3.5,0.7,0.6,0.1,0.8,0
Acie Earl,1993,74,15.5,5.5,2,5,0,0,1.5,2.2,1.1,2.2,3.3,0.2,0.3,0.7,1,0
Warren Kidd,1993,68,13,3.6,1.5,2.5,0,0,0.7,1.3,1.1,2.3,3.4,0.3,0.3,0.3,0.7,0
Mike Peplowski,1993,55,12.1,3.2,1.4,2.6,0,0,0.4,0.8,0.9,2.2,3.1,0.4,0.3,0.5,0.6,0
Bob Martin,1993,53,10.1,2.1,0.8,1.7,0,0,0.6,1,0.7,1.5,2.2,0.3,0.1,0.6,0.6,0
Darnell Mee,1993,38,7.5,1.9,0.7,2.3,0.1,0.6,0.3,0.7,0.4,0.5,0.9,0.4,0.4,0.3,0.5,0
Josh Grant,1993,53,7.2,3,1.1,2.8,0.3,1.2,0.4,0.5,0.5,1.2,1.7,0.5,0.3,0.1,0.6,0
Brian Davis,1993,68,5.5,1.9,0.6,1.9,0,0,0.7,1,0.3,0.5,0.8,0.3,0.2,0.1,0.3,0
Anfernee Hardaway,1993,82,36.8,16,6.2,13.3,0.6,2.3,3,4,2.3,3,5.4,6.6,2.3,0.6,3.6,1
Jamal Mashburn,1993,79,36.7,19.2,7.1,17.5,1.1,3.8,3.9,5.5,1.4,3.1,4.5,3.4,1.1,0.2,3.1,1
Nick Van Exel,1993,81,33.3,13.6,5.1,13,1.5,4.5,1.9,2.4,0.6,2.4,2.9,5.8,1.1,0.1,1.8,1
Chris Webber,1993,76,32.1,17.5,7.5,13.6,0,0.2,2.5,4.7,4,5.1,9.1,3.6,1.2,2.2,2.7,1
Vin Baker,1993,82,31.2,13.5,5.3,10.6,0,0.1,2.9,5,3.4,4.2,7.6,2,0.7,1.4,2,1
Isaiah Rider,1993,79,30.6,16.6,6.6,14.1,0.7,1.9,2.7,3.4,1.5,2.5,4,2.6,0.7,0.3,2.8,1
Lindsey Hunter,1993,82,26.5,10.3,4.1,10.9,0.8,2.5,1.3,1.7,0.6,1.7,2.3,4.8,1.5,0.1,2.2,1
Chris Mills,1993,79,25.6,9.4,3.6,8.6,0.5,1.5,1.7,2.2,1.7,3.4,5.1,1.6,0.7,0.6,1.1,1
George Lynch,1993,71,24.8,9.6,4.1,8.1,0,0.1,1.4,2.3,3.1,2.7,5.8,1.4,1.4,0.4,1.2,1
P.J. Brown,1993,79,24.7,5.7,2.1,5.1,0,0.1,1.5,1.9,2.4,3.9,6.2,1.2,0.9,1.2,0.9,1
Calbert Cheaney,1993,65,24.7,12,5,10.7,0,0.4,1.9,2.5,1.4,1.6,2.9,1.9,1,0.1,1.7,1
Bo Outlaw,1993,37,23.5,6.9,2.6,4.5,0,0.1,1.6,2.8,2.2,3.5,5.7,1,1,1,0.8,1
Popeye Jones,1993,81,21.9,5.8,2.4,5,0,0,1,1.3,3.7,3.8,7.5,1.2,0.8,0.4,1.2,1
Antonio Davis,1993,81,21.4,7.7,2.7,5.2,0,0,2.4,3.7,2.3,3.9,6.2,0.7,0.6,1,1.3,1
Allan Houston,1993,79,19.2,8.5,3.4,8.5,0.4,1.5,1.1,1.4,0.2,1.3,1.5,1.3,0.4,0.2,1.3,1
Rodney Rogers,1993,79,17.8,8.1,3,6.9,0.4,1.2,1.6,2.4,1.1,1.7,2.9,1.3,0.8,0.6,1.7,1
Mitchell Butler,1993,75,17.6,6.9,2.8,5.6,0,0.1,1.4,2.4,1.4,1.6,3,1,0.7,0.3,1.2,1
Sam Cassell,1993,66,17,6.7,2.5,5.9,0.4,1.3,1.4,1.6,0.4,1.7,2,2.9,0.9,0.1,1.4,1
Bryon Russell,1993,67,16.7,5,2,4.2,0,0.3,0.9,1.5,0.9,1.8,2.7,0.8,1,0.3,0.8,1
Lucious Harris,1993,77,15.1,5.4,2.1,5,0.1,0.4,1.1,1.5,0.6,1.5,2,1.4,0.6,0.1,1,1
Scott Burrell,1993,51,15,4.8,1.9,4.6,0,0.1,0.9,1.4,0.9,1.7,2.6,1.2,0.7,0.3,0.9,1
Greg Graham,1993,70,12.7,4.8,1.7,4.4,0,0.4,1.3,1.6,0.3,0.9,1.2,0.9,0.9,0.1,0.9,1
Terry Dehere,1993,64,11.9,5.3,2,5.3,0.4,0.9,1,1.3,0.4,0.7,1.1,1.2,0.4,0.1,0.9,1
James Robinson,1993,58,11.6,4.8,1.8,4.9,0.4,1.3,0.8,1.2,0.6,0.8,1.3,1.2,0.5,0.3,0.9,1
Corie Blount,1993,67,10.3,3,1.1,2.6,0,0,0.7,1.1,1.1,1.8,2.9,0.8,0.3,0.5,0.8,1
David Wesley,1993,60,9,3.1,1.1,2.9,0.2,0.8,0.7,0.9,0.2,0.6,0.7,2.1,0.6,0.1,0.9,1
Chris Whitney,1993,40,8.5,1.8,0.6,2.1,0.3,0.8,0.3,0.4,0.1,0.6,0.7,1.3,0.3,0,0.9,1
Rex Walters,1993,48,8,3.4,1.3,2.4,0.3,0.6,0.6,0.7,0.1,0.7,0.8,1.5,0.3,0.1,0.6,1
Ervin Johnson,1993,45,6.2,2.6,1,2.4,0,0,0.6,1,1.1,1.6,2.6,0.2,0.2,0.5,0.5,1
Eric Riley,1993,47,4.7,1.9,0.7,1.5,0,0,0.4,0.8,0.5,0.7,1.3,0.2,0.1,0.2,0.3,1
Richard Dumas,1992,48,27.5,15.8,6.3,12,0,0.1,3.2,4.5,2.1,2.6,4.6,1.3,1.8,0.8,1.9,0
Walter Bond,1992,74,21.3,8,3.1,7.6,0.1,0.6,1.7,2.3,0.7,1.9,2.6,1.6,1,0.2,1.5,0
Andre Spencer,1992,20,21.1,9.4,3.7,8.2,0,0.1,2.1,2.7,1.9,2.2,4.1,1.2,0.8,0.3,1.3,0
Harold Miner,1992,73,18.9,10.3,4,8.4,0,0.1,2.2,2.9,1,1,2,1,0.5,0.1,1.3,0
Byron Houston,1992,79,16.1,5.3,1.8,4.1,0,0.1,1.6,2.5,1.5,2.5,4,0.9,0.6,0.5,1.1,0
Chris Smith,1992,80,15.8,4.3,1.6,3.6,0,0.2,1.2,1.5,0.4,0.8,1.2,2.5,0.6,0.2,0.8,0
Marlon Maxey,1992,43,12.1,5.4,2.2,3.9,0,0,1,1.6,1.5,2.3,3.8,0.3,0.3,0.4,0.9,0
Tony Bennett,1992,75,11.4,3.7,1.5,3.5,0.3,1.1,0.4,0.5,0.2,0.7,0.8,1.8,0.4,0,0.7,0
Duane Cooper,1992,65,9.9,2.4,1,2.4,0.1,0.5,0.4,0.5,0.2,0.6,0.8,2.3,0.3,0,1.1,0
Dave Johnson,1992,42,8.5,3.7,1.4,3.5,0.1,0.3,1,1.4,0.4,0.7,1.1,0.3,0.2,0,0.7,0
Corey Williams,1992,35,6.9,2.3,0.9,2.4,0,0.1,0.5,0.6,0.5,0.3,0.9,0.7,0.1,0.1,0.3,0
Stephen Howard,1992,49,5.3,2.1,0.7,1.9,0,0,0.7,1.1,0.5,0.7,1.2,0.2,0.3,0.2,0.5,0
Randy Woods,1992,41,4.2,1.7,0.6,1.6,0.1,0.3,0.5,0.6,0.1,0.2,0.3,1,0.3,0,0.4,0
Latrell Sprewell,1992,77,35.6,15.4,5.8,12.6,0.9,2.6,2.7,3.7,1,2.5,3.5,3.8,1.6,0.7,2.6,1
Christian Laettner,1992,81,34.9,18.2,6.2,13.1,0,0.5,5.7,6.8,2.1,6.6,8.7,2.8,1.3,1,3.4,1
Tom Gugliotta,1992,81,34.5,14.7,6,14,0.5,1.7,2.2,3.5,2.7,6.9,9.6,3.8,1.6,0.4,2.8,1
LaPhonso Ellis,1992,82,33.5,14.7,5.9,11.7,0,0.2,2.9,3.9,3.3,5.7,9.1,1.8,0.9,1.4,1.9,1
Robert Horry,1992,79,29.5,10.1,4.1,8.6,0.2,0.6,1.8,2.5,1.4,3.5,5,2.4,1,1.1,2,1
Sean Rooks,1992,72,29,13.5,5.1,10.4,0,0,3.3,5.4,2.7,4.7,7.4,1.3,0.5,1.1,2.2,1
Walt Williams,1992,59,28.4,17,6.1,13.9,1,3.2,3.8,5.1,1.9,2.5,4.5,3,1.1,0.5,3,1
Anthony Avent,1992,82,27.9,9.8,4.2,9.8,0,0,1.4,2.1,2.2,4,6.2,1.1,0.7,0.9,1.7,1
Todd Day,1992,71,27.2,13.8,5,11.7,0.8,2.6,3,4.2,2,2.1,4.1,1.6,1.1,0.7,1.7,1
Bryant Stith,1992,39,22.2,8.9,3.2,7.1,0,0.1,2.5,3.1,1,2.2,3.2,1.3,0.6,0.1,1.1,1
Doug Overton,1992,45,22,8.1,3.4,7.2,0.1,0.3,1.3,1.8,0.6,1.8,2.4,3.5,0.7,0.1,1.6,1
Anthony Peeler,1992,77,21.5,10.4,3.9,8.2,0.6,1.5,2.1,2.7,0.8,1.5,2.3,2.2,0.8,0.2,1.6,1
Lloyd Daniels,1992,77,20.4,9.1,3.7,8.4,0.8,2.3,0.9,1.3,1.1,1.7,2.8,1.9,0.5,0.4,1.3,1
Oliver Miller,1992,56,19.1,5.6,2.2,4.6,0,0.1,1.3,1.8,1.3,3.7,4.9,2.1,0.7,1.8,1.9,1
Adam Keefe,1992,82,18.9,6.6,2.3,4.6,0,0,2,2.9,2.1,3.2,5.3,1,0.7,0.2,1.2,1
Lee Mayberry,1992,82,18.3,5.2,2.1,4.6,0.5,1.3,0.5,0.8,0.3,1.1,1.4,3.3,0.7,0.1,1,1
Hubert Davis,1992,50,16.3,5.4,2.2,5,0.1,0.4,0.9,1.1,0.3,0.9,1.1,1.7,0.4,0.1,0.9,1
Brent Price,1992,68,12.6,3.9,1.5,4.1,0.1,0.7,0.8,1,0.4,1.1,1.5,2.3,0.8,0,1.3,1
Litterial Green,1992,52,12,4.5,1.7,3.8,0,0.2,1.2,1.8,0.2,0.4,0.7,2.2,0.4,0.1,0.8,1
Jon Barry,1992,47,11.7,4.4,1.6,4.4,0.4,1.3,0.7,1,0.2,0.7,0.9,1.4,0.7,0.1,0.9,1
Malik Sealy,1992,58,11.6,5.7,2.3,5.5,0.1,0.5,0.9,1.3,1,0.9,1.9,0.8,0.6,0.1,1,1
Matt Geiger,1992,48,11.5,4.5,1.6,3,0,0.1,1.3,1.9,1,1.5,2.5,0.3,0.3,0.4,0.8,1
Don MacLean,1992,62,10.9,6.6,2.5,5.8,0,0.1,1.5,1.8,0.5,1.4,2,0.6,0.2,0.1,0.7,1
Tracy Murray,1992,48,10.3,5.7,2.3,5.4,0.4,1.5,0.7,0.8,0.8,0.9,1.7,0.2,0.2,0.1,0.7,1
Sam Mack,1992,40,6.7,3.6,1.2,3,0.1,0.6,1.1,1.5,0.5,0.8,1.2,0.4,0.3,0.1,0.6,1
Lorenzo Williams,1992,27,6.6,1.3,0.6,1.3,0,0,0.1,0.3,0.6,1.4,2,0.2,0.2,0.6,0.3,1
Elmore Spencer,1992,44,6.4,2.4,1,1.9,0,0,0.4,0.7,0.4,1,1.4,0.2,0.2,0.4,0.6,1
John Crotty,1992,40,6.1,2.6,0.9,1.8,0.1,0.4,0.7,1,0.1,0.3,0.4,1.4,0.3,0,0.8,1
Larry Johnson,1991,82,37.2,19.2,7.5,15.3,0.1,0.3,4.1,5,3.9,7,11,3.6,1,0.6,1.9,0
Steven Smith,1991,61,29.6,12,4.9,10.7,0.7,2,1.6,2.1,1.3,1.8,3.1,4.6,1,0.3,2.5,0
Mike Iuzzolino,1991,52,24.6,9.3,3.1,6.8,1.1,2.6,2.1,2.5,0.5,1.4,1.9,3.7,0.6,0,1.8,0
Paul Graham,1991,78,22,10.1,3.9,8.7,0.7,1.8,1.6,2.2,0.9,2,3,2.2,1.2,0.3,1.2,0
Kevin Lynch,1991,55,14.9,4.1,1.7,4.1,0.1,0.1,0.6,0.8,0.5,1,1.5,1.5,0.7,0.2,0.8,0
Labradford Smith,1991,48,14.8,5.1,2.1,5.1,0,0.4,0.9,1.2,0.6,1.1,1.7,2.1,0.9,0,1.3,0
Chris Corchiani,1991,51,14.5,5,1.5,3.8,0.2,0.7,1.8,2,0.4,1.2,1.5,2.8,0.9,0,1.4,0
Tharon Mayes,1991,24,10.6,4.1,1.3,4.1,0.6,1.7,1,1.5,0.1,0.5,0.7,1.5,0.7,0.1,1.3,0
Greg Sutton,1991,67,9,3.7,1.4,3.6,0.4,1.3,0.5,0.7,0.1,0.6,0.7,1.4,0.4,0.1,1,0
Rodney Monroe,1991,38,8.2,3.4,1.4,3.8,0.2,0.7,0.5,0.6,0.3,0.6,0.9,0.7,0.3,0.1,0.6,0
John Turner,1991,42,8.2,2.8,1,2.3,0,0,0.7,1.4,0.9,1,1.9,0.3,0.1,0.1,0.8,0
Mark Randall,1991,54,8.2,3.2,1.3,2.8,0.1,0.3,0.6,0.8,0.7,0.6,1.3,0.6,0.2,0.1,0.5,0
Sean Green,1991,35,7.3,4,1.8,4.5,0.1,0.3,0.4,0.8,0.6,0.6,1.2,0.6,0.4,0.2,0.8,0
Kevin Brooks,1991,37,7.3,2.8,1.2,2.6,0.1,0.3,0.5,0.6,0.4,0.7,1.1,0.3,0.2,0.1,0.5,0
Doug Lee,1991,46,6.7,2.6,1.1,2.5,0.2,0.8,0.2,0.4,0.4,0.4,0.8,0.5,0.2,0,0.3,0
Corey Crowder,1991,51,6.4,2.2,0.8,2.2,0.3,0.6,0.3,0.4,0.3,0.5,0.8,0.3,0.1,0,0.3,0
Rich King,1991,40,5.3,2.2,0.7,1.8,0,0,0.9,1.1,0.5,0.7,1.2,0.3,0.1,0.1,0.5,0
Stephen Thompson,1991,19,4.8,1.6,0.7,1.9,0,0.1,0.2,0.4,0.6,0.4,1,0.4,0.3,0.2,0.3,0
Charles Thomas,1991,36,4.3,1.3,0.5,1.4,0.1,0.5,0.3,0.4,0.2,0.4,0.6,0.6,0.1,0,0.5,0
Billy Owens,1991,80,31.4,14.3,5.9,11.1,0,0.1,2.6,3.9,3,5,8,2.4,1.1,0.8,2.2,1
Stacey Augmon,1991,82,30.5,13.3,5.4,11,0,0.1,2.6,3.9,2.3,2.8,5.1,2.5,1.5,0.3,2.2,1
Mark Macon,1991,76,30.3,10.6,4.4,11.7,0.1,0.4,1.8,2.4,1.1,1.8,2.9,2.2,2,0.2,2,1
Larry Stewart,1991,76,29.3,10.4,4,7.8,0,0,2.5,3.1,2.4,3.5,5.9,1.6,0.7,0.6,1.5,1
Doug Smith,1991,76,22.5,8.8,3.8,9.2,0,0.1,1.2,1.6,1.7,3.4,5.1,1.7,0.8,0.5,1.3,1
Donald Hodge,1991,51,20.7,8.4,3.2,6.4,0,0,2,2.9,2.3,3.1,5.4,0.8,0.5,0.5,1.5,1
Dale Davis,1991,64,20.3,6.2,2.4,4.4,0,0,1.4,2.4,2.5,3.9,6.4,0.5,0.4,1.2,0.8,1
Stanley Roberts,1991,55,20.3,10.4,4.3,8.1,0,0,1.8,3.6,2.1,4.1,6.1,0.7,0.4,1.5,1.4,1
Terrell Brandon,1991,82,19.6,7.4,3.1,7.3,0,0.3,1.2,1.5,0.6,1.4,2,3.9,1,0.3,1.7,1
Bison Dele,1991,48,18.9,9.1,3.6,6.8,0,0,2,3,2.4,3.3,5.7,0.7,0.8,1.1,1.8,1
Tracy Moore,1991,42,18.6,8.5,3.1,7.7,0.7,2,1.5,1.9,0.7,1.2,2,1.1,0.8,0.1,1.1,1
Greg Anthony,1991,82,18.4,5.5,2,5.3,0.1,0.7,1.4,1.9,0.4,1.3,1.7,3.8,0.7,0.1,1.2,1
Kenny Anderson,1991,64,17,7,2.9,7.5,0,0.2,1.1,1.5,0.6,1.4,2,3.2,1.1,0.1,1.5,1
Victor Alexander,1991,80,16.9,7.4,3,5.7,0,0,1.3,1.9,1.3,2.9,4.2,0.4,0.6,0.8,1.1,1
David Benoit,1991,77,15.1,5.6,2.3,4.9,0,0.2,1.1,1.3,1.4,2.5,3.8,0.4,0.3,0.6,0.9,1
Robert Pack,1991,72,12.4,4.6,1.6,3.8,0,0.1,1.4,1.8,0.4,0.9,1.3,1.9,0.6,0.1,1.3,1
Pete Chilcutt,1991,69,11.8,3.6,1.6,3.6,0,0,0.3,0.4,1.1,1.6,2.7,0.6,0.5,0.3,0.6,1
Chris Gatling,1991,54,11.3,5.7,2.2,3.8,0,0.1,1.3,2,1.4,2,3.4,0.3,0.6,0.7,0.8,1
Eric Murdock,1991,50,9.6,4.1,1.5,3.7,0.1,0.5,0.9,1.2,0.4,0.7,1.1,1.8,0.6,0.1,1,1
Randy Brown,1991,56,9.6,3.4,1.4,3,0,0.1,0.7,1,0.5,0.8,1.2,1.1,0.6,0.2,0.8,1
Elliot Perry,1991,50,8.7,2.5,1,2.6,0,0.1,0.5,0.8,0.3,0.5,0.8,1.6,0.7,0.1,1,1
Marty Conlon,1991,45,8.5,2.7,1.1,2.2,0,0,0.5,0.7,0.7,0.8,1.5,0.3,0.2,0.2,0.6,1
Travis Mays,1990,64,33.5,14.3,4.6,11.3,1.1,3.1,4,5.2,0.8,1.9,2.8,4,1.3,0.2,2.5,0
Dee Brown,1990,82,23.7,8.7,3.5,7.5,0.1,0.4,1.7,1.9,0.5,1.7,2.2,4.2,1,0.2,1.7,0
A.J. English,1990,70,20.6,8.8,3.6,8.2,0,0.4,1.6,2.2,0.9,1.2,2.1,2.5,0.4,0.2,1.6,0
Anthony Cook,1990,58,19.3,5.3,2,4.9,0,0.1,1.2,2.2,2.3,3.3,5.6,0.4,0.6,1.2,0.9,0
Gerald Paddio,1990,70,16.9,7.2,3,7.2,0.1,0.3,1.1,1.3,0.5,1.1,1.7,1.3,0.3,0.1,1,0
Bo Kimble,1990,62,16.2,6.9,2.6,6.7,0.3,1,1.5,1.9,0.7,1.2,1.9,1.2,0.5,0.1,1.2,0
Alec Kessler,1990,78,16.1,6.2,2.6,6,0,0.1,1.1,1.7,1.5,2.8,4.3,0.4,0.2,0.3,1.4,0
Marcus Liberty,1990,76,15.4,6.7,2.8,6.8,0.2,0.8,0.8,1.2,1.5,1.4,2.9,0.8,0.6,0.3,0.9,0
Jerrod Mustaf,1990,62,13.3,4.3,1.7,3.7,0,0,0.9,1.4,0.8,1.9,2.7,0.6,0.2,0.2,1,0
Kevin Pritchard,1990,62,12.5,3.9,1.4,3.7,0.1,0.5,1,1.2,0.3,0.8,1,1.3,0.5,0.1,0.9,0
Gerald Glass,1990,51,11.9,6.9,2.9,6.7,0,0.3,1,1.5,1.1,0.9,2,0.8,0.6,0.2,0.8,0
Brian Oliver,1990,73,11,3.8,1.5,3.7,0.1,0.2,0.7,1,0.2,0.8,1.1,1.2,0.5,0.1,0.7,0
Howard Wright,1990,15,10.9,3.6,1.3,3.1,0,0.1,1.1,1.6,0.8,2.2,3,0.2,0.3,0.3,0.7,0
Tate George,1990,56,10.6,3.4,1.4,3.4,0,0,0.6,0.7,0.3,0.5,0.8,1.9,0.5,0.1,0.8,0
Rick Calloway,1990,64,10.6,3.2,1.2,3,0,0,0.9,1.2,0.4,0.8,1.2,1,0.3,0.1,0.8,0
Andy Toolson,1990,47,10,2.9,1.1,2.6,0.3,0.7,0.5,0.7,0.7,0.7,1.4,0.7,0.3,0,0.5,0
Kennard Winchester,1990,64,9.5,3.7,1.5,3.8,0.1,0.3,0.5,0.7,0.5,0.5,1,0.4,0.3,0.2,0.5,0
Kenny Williams,1990,75,7,2.9,1.2,2.4,0,0,0.5,0.7,0.7,1,1.7,0.4,0.1,0.4,0.6,0
Richard Coffey,1990,52,6.2,1.3,0.5,1.4,0,0,0.2,0.4,0.8,0.7,1.5,0.1,0.1,0.1,0.1,0
Lionel Simmons,1990,79,37.7,18,6.9,16.5,0,0.1,4.1,5.5,2.4,6.4,8.8,4,1.4,1.1,2.9,1
Derrick Coleman,1990,74,35.2,18.4,6.9,14.9,0.2,0.5,4.4,6,3.6,6.6,10.3,2.2,1,1.3,2.9,1
Dennis Scott,1990,82,28.5,15.7,6.1,14.4,1.5,4.1,1.9,2.5,0.8,2.1,2.9,1.6,0.8,0.3,1.6,1
Felton Spencer,1990,81,25.9,7.1,2.4,4.7,0,0,2.2,3.1,3.4,4.6,7.9,0.3,0.6,1.5,0.9,1
Willie Burton,1990,76,25.4,12,4.5,10.2,0.1,0.4,3,3.9,1.5,2,3.4,1.4,0.9,0.3,1.9,1
Kendall Gill,1990,82,23.7,11,4.6,10.2,0,0.2,1.9,2.2,1.3,1.9,3.2,3.7,1.3,0.5,2,1
Duane Causwell,1990,76,22.6,6.9,2.8,5.4,0,0,1.4,2.2,1.9,3.3,5.1,0.9,0.6,1.9,1.3,1
Mahmoud Abdul-Rauf,1990,67,22.5,14.1,6.2,15.1,0.4,1.5,1.3,1.5,0.5,1.3,1.8,3.1,0.8,0.1,1.6,1
Danny Ferry,1990,81,20.5,8.6,3.4,7.9,0.3,1,1.5,1.9,1.2,2.3,3.5,1.8,0.5,0.3,1.5,1
Mario Elie,1990,33,19.5,7.2,2.4,4.8,0.1,0.3,2.3,2.7,1.4,1.9,3.3,1.4,0.6,0.3,0.9,1
Bimbo Coles,1990,82,16.5,4.9,2,4.8,0.1,0.4,0.9,1.2,0.7,1.2,1.9,2.8,0.8,0.1,1.2,1
Loy Vaught,1990,73,16.1,5.5,2.4,4.9,0,0,0.7,1,1.7,3.1,4.8,0.5,0.3,0.3,0.7,1
Tyrone Hill,1990,74,16.1,5.3,2,4,0,0,1.3,2.1,2.1,3.1,5.2,0.3,0.5,0.4,1,1
Terry Mills,1990,55,14.9,5.7,2.4,5.2,0,0.1,0.9,1.2,1.5,2.7,4.2,0.6,0.6,0.5,0.8,1
Henry James,1990,37,13.6,8.1,3,6.9,0.6,1.6,1.4,1.9,0.7,1.4,2.1,0.9,0.4,0.1,1,1
Larry Robinson,1990,36,11.8,3.9,1.7,4.2,0,0,0.4,0.8,0.8,0.6,1.4,1,0.4,0,0.8,1
Jud Buechler,1990,74,11.6,3.1,1.3,3.1,0,0.1,0.6,0.9,0.8,1.1,1.9,0.7,0.5,0.2,0.3,1
Cedric Ceballos,1990,63,11.6,8.2,3.2,6.7,0,0.1,1.7,2.6,1.2,1.2,2.4,0.6,0.3,0.1,1.1,1
Greg Foster,1990,54,11.2,4.4,1.8,3.9,0,0.1,0.8,1.1,1,1.8,2.8,0.7,0.2,0.4,0.8,1
Tony Smith,1990,64,10.9,3.7,1.5,3.4,0,0.1,0.6,0.9,0.4,0.7,1.1,2.1,0.4,0.2,1.1,1
Steve Henson,1990,68,10.1,3.1,1.2,2.8,0.3,0.8,0.6,0.6,0.2,0.5,0.8,1.9,0.5,0,0.6,1
Jayson Williams,1990,52,9.8,3.5,1.4,3.1,0,0,0.7,1.1,0.8,1.3,2.1,0.3,0.2,0.1,0.8,1
Dwayne Schintzius,1990,42,9.5,3.8,1.6,3.7,0,0,0.5,1,0.7,2.2,2.9,0.4,0.1,0.7,0.8,1
Sean Higgins,1990,50,9.3,4.5,1.9,4.2,0.1,0.4,0.6,0.7,0.4,0.9,1.3,0.7,0.2,0,1,1
Elden Campbell,1990,52,7.3,2.8,1.1,2.4,0,0,0.6,0.9,0.8,1.1,1.8,0.2,0.2,0.7,0.3,1
Keith Askins,1990,39,6.8,2.2,0.9,2.1,0.2,0.6,0.3,0.6,0.8,1,1.7,0.5,0.4,0.3,0.3,1
Scott Williams,1990,51,6.6,2.5,1,2,0,0,0.4,0.5,0.8,1.1,1.9,0.3,0.2,0.3,0.5,1
Steve Scheffler,1990,39,5.8,1.5,0.5,1,0,0,0.5,0.5,0.5,0.6,1.2,0.2,0.1,0.1,0.1,1
Tim Hardaway,1989,79,33.7,14.7,5.9,12.5,0.3,1.1,2.7,3.5,0.7,3.2,3.9,8.7,2.1,0.1,3.3,0
Jeff Martin,1989,69,19.6,6.3,2.5,6,0,0.2,1.3,1.9,1.1,1.2,2.3,0.6,0.6,0.2,0.7,0
Winston Bennett,1989,55,18,6.1,2.5,5.2,0,0,1.2,1.7,1.5,1.9,3.4,1,0.4,0.2,1.1,0
Michael Ansley,1989,72,17,8.7,3.2,6.5,0,0,2.3,3.2,2.6,2.4,5,0.6,0.3,0.2,0.7,0
Scott Haffner,1989,43,13,4.6,2,5,0.1,0.5,0.4,0.6,0.2,1,1.2,1.9,0.3,0.1,0.8,0
Kenny Battle,1989,59,12.4,4.1,1.6,2.9,0,0.1,0.9,1.4,0.7,1.4,2.1,0.6,0.6,0.2,0.5,0
Delaney Rudd,1989,77,11,3.5,1.4,3.4,0.2,0.7,0.5,0.7,0.2,0.6,0.7,2.3,0.3,0,1.1,0
John Morton,1989,37,10.9,3.9,1.3,4.4,0.2,0.8,1.2,1.7,0.2,0.7,0.9,1.8,0.5,0.1,1.4,0
Doug Roth,1989,42,9.8,1.9,0.9,2,0,0,0.2,0.3,1,1.8,2.9,0.5,0.2,0.3,0.4,0
Byron Irvin,1989,50,9.8,5.2,1.9,4.1,0.1,0.3,1.2,1.8,0.6,0.9,1.5,0.9,0.6,0,0.8,0
Michael Smith,1989,65,9.5,5,2.1,4.4,0,0.4,0.8,1,0.6,0.9,1.5,1.2,0.1,0,0.8,0
Henry Turner,1989,36,8.8,4.3,1.6,3.4,0,0.1,1.1,1.8,0.6,0.8,1.4,0.6,0.5,0.2,0.7,0
Ed Horton,1989,45,8.3,4.5,1.8,3.6,0,0.1,0.9,1.5,1.3,1.1,2.4,0.4,0.2,0.1,0.9,0
Frank Kornet,1989,57,7.7,2,0.7,2,0.1,0.4,0.4,0.7,0.4,0.8,1.2,0.4,0.3,0.1,0.4,0
Kenny Payne,1989,35,6.2,3.3,1.3,3.1,0.1,0.3,0.5,0.5,0.3,0.4,0.7,0.3,0.2,0.2,0.6,0
Eric Johnson,1989,48,5.7,1.1,0.4,1.8,0,0.1,0.3,0.4,0.2,0.4,0.6,1.3,0.3,0,0.5,0
Mike Williams,1989,21,4.9,0.7,0.3,0.9,0,0,0.1,0.3,0.2,0.9,1.1,0.1,0.1,0.3,0.1,0
Mike Morrison,1989,36,4.3,2,0.6,1.9,0.1,0.2,0.7,0.8,0.2,0.4,0.6,0.3,0.1,0,0.6,0
Nate Johnston,1989,21,4.1,2.2,0.9,2.3,0,0.2,0.4,0.6,0.6,0.5,1.1,0,0.1,0.4,0.3,0
J.R. Reid,1989,82,33.6,11.1,4.4,9.9,0,0.1,2.3,3.5,2.4,6,8.4,1.2,1.1,0.7,2.1,1
Pooh Richardson,1989,82,31.5,11.4,5.2,11.3,0.3,1,0.8,1.3,0.7,2,2.6,6.8,1.6,0.3,1.7,1
Sherman Douglas,1989,81,30.5,14.3,5.7,11.6,0.1,0.4,2.8,4,0.9,1.7,2.5,7.6,1.8,0.1,3,1
Sam Mitchell,1989,80,30.2,12.7,4.7,10.4,0,0.1,3.4,4.4,2.3,3.5,5.8,1.1,0.8,0.7,1.2,1
Glen Rice,1989,77,30,13.6,6.1,13.9,0.2,0.9,1.2,1.6,1.3,3.3,4.6,1.8,0.9,0.3,1.5,1
Mookie Blaylock,1989,50,25.3,10.1,4.2,11.4,0.4,1.6,1.3,1.6,0.8,2,2.8,4.2,1.6,0.3,2.2,1
Sean Elliott,1989,81,25.1,10,3.8,8,0,0.1,2.3,2.7,1.6,2.1,3.7,1.9,0.6,0.2,1.4,1
Blue Edwards,1989,82,23,8.9,3.5,6.9,0.1,0.4,1.8,2.5,0.8,2.2,3.1,1.8,0.9,0.4,1.9,1
Nick Anderson,1989,81,22,11.5,4.6,9.3,0,0.2,2.3,3.3,1.3,2.6,3.9,1.5,0.8,0.4,1.7,1
Stacey King,1989,82,21.7,8.9,3.3,6.5,0,0,2.4,3.3,2.1,2.6,4.7,1.1,0.5,0.7,1.4,1
Dana Barros,1989,81,20.1,9.7,3.7,9.1,1.2,2.9,1.1,1.4,0.4,1.2,1.6,2.5,0.7,0,1.5,1
Clifford Robinson,1989,82,19.1,9.1,3.6,9.2,0.1,0.5,1.7,3.1,1.3,2.4,3.8,0.9,0.7,0.7,1.6,1
Chucky Brown,1989,75,17.9,7.3,2.8,6,0,0.1,1.7,2.2,1.1,2,3.1,0.7,0.4,0.3,0.9,1
Todd Lichti,1989,79,16.8,8,3.2,6.5,0,0.2,1.6,2.2,0.6,1.3,1.9,1.5,0.7,0.2,1.2,1
B.J. Armstrong,1989,81,15.9,5.6,2.3,4.8,0,0.1,0.9,1,0.2,1,1.3,2.5,0.6,0.1,1,1
Terry Davis,1989,63,14,4.7,1.9,4.2,0,0,0.9,1.4,1.5,2.2,3.6,0.4,0.4,0.4,1.1,1
Shawn Kemp,1989,81,13.8,6.5,2.5,5.2,0,0.1,1.4,2,1.8,2.5,4.3,0.3,0.6,0.9,1.3,1
Tom Hammonds,1989,61,13.2,5.3,2.1,4.8,0,0,1,1.6,1,1.8,2.8,0.8,0.2,0.2,0.8,1
Randy White,1989,55,12.9,4.3,1.7,4.6,0,0.3,0.9,1.6,1.4,1.7,3.1,0.4,0.4,0.1,0.8,1
Donald Royal,1989,66,11.3,5.9,1.8,3.9,0,0,2.3,3,1,1,2.1,0.7,0.5,0.1,1.2,1
Greg Grant,1989,67,10.1,3.1,1.2,3.2,0,0.2,0.6,0.9,0.2,0.6,0.9,2.5,0.5,0,1.1,1
George McCloud,1989,44,9.4,2.7,1,3.3,0.3,0.9,0.3,0.4,0.3,0.7,1,1,0.4,0.1,0.8,1
Charles Smith,1989,60,8.7,2.9,1,2.2,0,0.1,0.9,1.3,0.2,0.9,1.2,1.7,0.6,0.1,0.6,1
Doug West,1989,52,7.3,2.6,1,2.6,0.1,0.2,0.5,0.6,0.5,0.9,1.3,0.3,0.2,0.1,0.6,1
Adrian Caldwell,1989,51,6.5,1.9,0.8,1.5,0,0,0.3,0.5,0.7,1.4,2.1,0.1,0.2,0.3,0.6,1
Sylvester Gray,1988,55,22.2,8,3,7.2,0,0.1,1.9,2.8,2.1,3.1,5.2,2.1,0.7,0.5,1.9,0
Ricky Berry,1988,64,22,11,4,8.9,1,2.5,2,2.6,0.9,2.2,3.1,1.3,0.6,0.3,1.3,0
Tom Garrick,1988,71,21.1,6.4,2.5,5.1,0,0.2,1.4,1.8,0.5,1.7,2.2,3.4,1.1,0.1,1.6,0
Michael Anderson,1988,36,20.3,5.7,2,4.9,0,0.2,1.6,2.3,1.2,1.3,2.5,4.3,1.2,0.1,2.3,0
Kelvin Upshaw,1988,32,19.3,6.8,3.1,6.6,0.1,0.5,0.6,0.8,0.3,1.2,1.5,3.7,0.8,0.1,1.7,0
Derrick Chievous,1988,81,19,9.3,3.4,7.8,0.1,0.3,2.4,3,1.4,1.8,3.2,1,0.6,0.1,1.7,0
Todd Mitchell,1988,24,14.7,5.1,1.8,4,0,0,1.5,2.7,0.8,1.3,2.1,0.9,0.7,0.1,1.4,0
John Shasky,1988,65,14.5,5.5,1.9,3.8,0,0,1.8,2.6,1.5,2.1,3.6,0.3,0.2,0.2,0.7,0
Shelton Jones,1988,51,13.4,4.8,1.8,4.1,0,0,1.1,1.6,0.6,1.6,2.2,0.8,0.4,0.3,0.9,0
Craig Neal,1988,53,9.4,2.2,0.8,2.3,0.2,0.6,0.3,0.4,0.1,0.4,0.5,2.2,0.5,0.1,1,0
David Rivers,1988,47,9.4,2.9,1,2.6,0,0.1,0.7,0.9,0.3,0.6,0.9,2.3,0.5,0.2,1.3,0
Bill Jones,1988,37,8.3,3.5,1.4,2.8,0,0,0.8,1.2,0.5,0.7,1.3,0.5,0.5,0.2,0.5,0
Anthony Frederick,1988,46,6.8,3.3,1.4,2.7,0,0.1,0.5,0.7,0.6,0.6,1.1,0.4,0.3,0.1,0.7,0
Everette Stephens,1988,35,6,1.9,0.7,2.1,0.1,0.3,0.5,0.6,0.3,0.3,0.7,1.1,0.3,0.1,0.8,0
Willie Anderson,1988,81,33.8,18.6,7.9,15.9,0,0.3,2.8,3.6,1.9,3.3,5.1,4.6,1.9,0.8,3.2,1
Hersey Hawkins,1988,79,32.6,15.1,5.6,12.3,0.9,2.1,3.1,3.7,0.6,2.2,2.8,3,1.5,0.5,2,1
Charles Smith,1988,71,30.4,16.3,6.1,12.4,0,0,4,5.5,2.4,4.1,6.5,1.5,1,1.3,2.1,1
Kevin Edwards,1988,79,29.7,13.8,5.9,14,0.1,0.5,1.8,2.4,1.1,2.2,3.3,4.4,1.8,0.3,3.1,1
Grant Long,1988,82,29.7,11.9,4.1,8.4,0,0.1,3.7,5,2.9,3.7,6.7,1.8,1.5,0.6,2.5,1
Rex Chapman,1988,75,29.6,16.9,7,16.9,0.8,2.5,2.1,2.6,1,1.5,2.5,2.3,0.9,0.3,1.5,1
Brian Shaw,1988,82,28.1,8.6,3.6,8.4,0,0.2,1.3,1.6,1.5,3.1,4.6,5.8,0.9,0.3,2.3,1
Chris Morris,1988,76,27.6,14.1,5.4,11.9,0.8,2.3,2.4,3.3,2.5,2.8,5.2,1.6,1.3,0.8,2.5,1
Gary Grant,1988,71,27.1,11.9,5.1,11.7,0.1,0.3,1.7,2.3,1.1,2.2,3.4,7.1,2,0.1,3.6,1
Vernon Maxwell,1988,79,26.1,11.7,4.5,10.5,0.4,1.6,2.3,3.1,0.6,1.9,2.6,3.8,1.1,0.1,2.3,1
Dan Majerle,1988,54,25.1,8.6,3.4,8,0.5,1.5,1.4,2.4,1.1,2.7,3.9,2.4,1.2,0.3,0.9,1
Vinny Del Negro,1988,80,19.5,7.1,3,6.3,0.1,0.3,1.1,1.3,0.6,1.5,2.1,2.6,0.8,0.2,1,1
Ledell Eackles,1988,80,18.2,11.5,4,9.2,0.1,0.5,3.4,4.3,1.3,1,2.3,1.5,0.5,0.1,1.6,1
Harvey Grant,1988,71,16.8,5.6,2.5,5.5,0,0,0.5,0.8,1.1,1.2,2.3,1.1,0.5,0.4,0.4,1
Rod Strickland,1988,81,16.8,8.9,3.3,7,0.2,0.7,2.1,2.9,0.6,1.3,2,3.9,1.2,0,1.8,1
Scott Brooks,1988,82,16.7,5.2,1.9,4.5,0.7,1.9,0.7,0.8,0.2,0.9,1.1,3.7,0.8,0,0.8,1
Mark Bryant,1988,56,14.3,5,2.1,4.4,0,0,0.7,1.2,1.2,2,3.2,0.6,0.4,0.1,0.7,1
Eric Leckner,1988,75,10.4,4.3,1.6,2.9,0,0,1.1,1.5,0.6,2,2.7,0.2,0.1,0.3,0.9,1
Jerome Lane,1988,54,10.2,4.8,2,4.7,0,0.1,0.8,2.1,1.6,2.1,3.7,1.1,0.4,0.1,0.9,1
Tim Perry,1988,62,9.9,4.1,1.7,3.2,0,0.1,0.6,1,1,1.1,2.1,0.3,0.3,0.5,0.6,1
Jim Les,1988,82,9.5,1.7,0.5,1.6,0,0.2,0.7,0.9,0.3,0.8,1.1,2.6,0.3,0.1,1.1,1
John Starks,1988,36,8.8,4.1,1.4,3.5,0.3,0.7,0.9,1.4,0.4,0.7,1.1,0.8,0.6,0.1,1.1,1
Andrew Lang,1988,62,8.5,2.6,1,1.9,0,0,0.6,1,0.9,1.5,2.4,0.1,0.3,0.8,0.5,1
Charles Shackleford,1988,60,8.1,3.1,1.4,2.8,0,0,0.4,0.7,0.8,1.7,2.6,0.4,0.3,0.3,0.5,1
Morlon Wiley,1988,51,8,2.2,0.9,2.2,0.1,0.5,0.3,0.3,0.3,0.7,0.9,1.5,0.5,0.1,0.7,1
Randolph Keys,1988,42,7.9,4,1.8,4.1,0,0.2,0.5,0.7,0.5,0.8,1.3,0.5,0.3,0.1,0.5,1
Mark Davis,1988,33,7.8,3.8,1.5,3.1,0,0.3,0.8,1,0.5,0.6,1.1,0.4,0.4,0.1,0.4,1
Micheal Williams,1988,49,7.3,2.6,1,2.6,0,0.2,0.6,1,0.2,0.4,0.6,1.4,0.3,0.1,0.9,1
Avery Johnson,1988,43,6.8,1.6,0.7,1.9,0,0.2,0.2,0.4,0.3,0.3,0.6,1.7,0.5,0.1,0.4,1
Jack Haley,1988,51,5.7,2.2,0.7,1.5,0,0,0.7,0.9,0.4,1,1.4,0.2,0.2,0,0.5,1
Duane Ferrell,1988,41,5.6,2.4,0.9,2,0,0,0.7,1.1,0.5,0.5,1,0.2,0.2,0.1,0.3,1
Ricky Wilson,1987,24,17.5,5.2,1.8,4.6,0.4,1.1,1.2,1.7,0.1,1,1.1,2.9,1,0.1,1,0
Dallas Comegys,1987,75,15,5.6,2.1,4.8,0,0,1.4,2,0.7,2.2,2.9,0.9,0.5,0.9,1.6,0
Michael Jackson,1987,58,13.1,2.7,1.1,2.9,0.1,0.4,0.4,0.6,0.3,0.7,1,3.1,0.3,0.1,1,0
Tony White,1987,49,11.9,5.3,2.3,5.1,0,0.1,0.8,1.1,0.2,0.4,0.6,1.2,0.4,0,1,0
Milt Wagner,1987,40,9.5,3.8,1.6,3.7,0.1,0.3,0.7,0.7,0.1,0.6,0.7,1.5,0.1,0.1,0.6,0
Clinton Wheeler,1987,59,8.7,2.5,1.1,2.2,0,0,0.4,0.6,0.3,0.4,0.7,1.7,0.6,0,0.9,0
Billy Donovan,1987,44,8.3,2.4,1,2.5,0,0.2,0.4,0.5,0.1,0.5,0.6,2,0.4,0,0.9,0
Martin Nessley,1987,44,7.6,1.1,0.5,1.2,0,0,0.2,0.4,0.5,1.3,1.9,0.4,0.2,0.3,0.5,0
John Stroeder,1987,41,6.6,1.9,0.7,1.9,0,0,0.5,0.7,0.6,1.1,1.7,0.5,0.1,0.3,0.6,0
Ralph Lewis,1987,50,6.2,1.7,0.5,1.7,0,0,0.6,1,0.3,0.7,1,0.3,0.3,0.1,0.4,0
Mark Jackson,1987,82,39.6,13.6,5.3,12.4,0.4,1.5,2.5,3.2,1.5,3.4,4.8,10.6,2.5,0.1,3.1,1
Kenny Smith,1987,61,35.6,13.8,5.4,11.4,0.2,0.6,2.7,3.3,0.7,1.6,2.3,7.1,1.5,0.1,3,1
Armen Gilliam,1987,55,32.9,14.8,6.2,13.1,0,0,2.4,3.5,2.4,5.5,7.9,1.3,1.1,0.5,2.2,1
Winston Garland,1987,67,31.7,12.4,5.1,11.6,0.2,0.6,2.1,2.3,1,2.4,3.4,6.4,1.7,0.1,2.5,1
Joe Wolf,1987,42,27.1,7.6,3.2,8,0.1,0.4,1.1,1.3,1.2,3.2,4.5,2.3,0.9,0.4,1.8,1
Reggie Williams,1987,35,24.5,10.4,4.3,12.2,0.4,1.7,1.4,1.9,1.6,1.8,3.4,1.7,0.8,0.6,1.8,1
Greg Anderson,1987,82,24.2,11.7,4.6,9.2,0,0.1,2.4,4,2,4.3,6.3,1,0.7,1.5,1.7,1
Kevin Johnson,1987,80,24,9.2,3.4,7.5,0.1,0.3,2.2,2.6,0.5,1.9,2.4,5.5,1.3,0.3,1.8,1
Horace Grant,1987,81,22.6,7.7,3.1,6.3,0,0,1.4,2.2,1.9,3.6,5.5,1.1,0.6,0.7,1.1,1
Dennis Hopson,1987,61,22.4,9.6,3.6,9,0.2,0.7,2.1,2.9,1,1.3,2.3,1.9,0.9,0.4,1.9,1
Ken Norman,1987,66,21.7,8.6,3.7,7.6,0,0.2,1.3,2.6,1.5,2.5,4,1.2,0.7,0.5,1.6,1
Derrick McKey,1987,82,20.8,8.5,3.1,6.3,0.1,0.4,2.1,2.7,1.4,2.6,4,1.3,0.8,0.8,1.3,1
Muggsy Bogues,1987,79,20.6,5,2.1,5.4,0,0.2,0.7,0.9,0.4,1.3,1.7,5.1,1.6,0,1.3,1
Tellis Frank,1987,78,20.5,8.1,3.1,7.2,0,0,1.9,2.7,1.2,3,4.2,1.4,0.7,0.3,1.4,1
Dave Hoppen,1987,39,16.5,5.7,2.2,4.7,0,0,1.4,1.6,1.5,3,4.5,0.8,0.3,0.1,0.9,1
Mark Acres,1987,79,14.6,3.6,1.4,2.6,0,0,0.9,1.4,1.3,2.1,3.4,0.5,0.4,0.3,0.7,1
Brad Lohaus,1987,70,10.3,4.2,1.7,3.5,0,0.2,0.7,0.9,0.7,1.3,2,0.7,0.3,0.6,0.8,1
Chris Dudley,1987,55,9.3,3.1,1.2,2.5,0,0,0.7,1.3,1.3,1.3,2.6,0.4,0.2,0.3,0.6,1
Reggie Lewis,1987,49,8.3,4.5,1.8,3.9,0,0.1,0.8,1.2,0.6,0.7,1.3,0.5,0.3,0.3,0.6,1
Bart Kofoed,1987,36,6.3,1.3,0.5,1.3,0.1,0.2,0.2,0.4,0.1,0.3,0.4,0.6,0.2,0,0.5,1
Walter Berry,1986,63,25.2,15.9,6.5,12.2,0,0,3,4.6,2.2,2.7,4.9,1.7,0.6,0.6,2.4,0
Harold Pressley,1986,67,13.6,4.6,2,4.7,0.1,0.4,0.5,0.7,1,1.6,2.6,1.8,0.6,0.3,0.9,0
Anthony Jones,1986,65,13.2,5,2,5,0.1,0.3,0.8,1,0.6,1,1.6,1.1,0.7,0.3,0.8,0
Grant Gondrezick,1986,64,13.1,5.5,2.1,4.7,0.1,0.3,1.2,1.7,0.7,1,1.7,1.3,0.4,0.1,0.9,0
Chris Washburn,1986,35,11,3.8,1.6,4.1,0,0,0.5,1.5,1,1.9,2.9,0.5,0.2,0.2,1.1,0
Keith Smith,1986,42,11,3.3,1.4,3.6,0.1,0.2,0.5,0.7,0.3,0.5,0.8,1,0.6,0.1,0.7,0
Johnny Rogers,1986,45,10.4,4.2,2,4.1,0,0.1,0.2,0.3,0.7,1,1.7,0.6,0.2,0.2,0.4,0
Clinton Smith,1986,41,8.3,3.1,1.2,2.9,0,0,0.7,0.9,0.6,0.7,1.4,1.1,0.3,0,0.6,0
Conner Henry,1986,54,6,2.3,0.9,2.5,0.2,0.8,0.3,0.5,0.1,0.5,0.6,0.6,0.2,0,0.5,0
Ron Harper,1986,82,37.4,22.9,9,19.7,0.2,1.1,4.7,6.9,2.1,2.7,4.8,4.8,2.5,1,4.2,1
Chuck Person,1986,82,36,18.8,7.7,16.6,0.6,1.7,2.7,3.6,2,6.2,8.3,3.6,1.1,0.2,2.6,1
Hot Rod Williams,1986,80,33.9,14.6,5.4,11.2,0,0,3.7,5,2.8,5.1,7.9,1.9,0.7,2.1,1.7,1
Brad Daugherty,1986,80,33.7,15.7,6.1,11.3,0,0,3.5,5,1.9,6.2,8.1,3.8,0.6,0.8,3.1,1
Nate McMillan,1986,71,27.8,5.3,2,4.2,0,0.1,1.2,2,1.4,3.2,4.7,8.2,1.8,0.6,2.2,1
Kenny Walker,1986,68,25.3,10.4,4.2,8.5,0,0.1,2.1,2.7,1.7,3.2,5,1.1,0.7,0.7,1.1,1
John Williams,1986,78,22.7,9.2,3.6,8,0.1,0.5,1.8,2.9,1.7,3,4.7,2.4,1.6,0.4,1.6,1
Brad Sellers,1986,80,21.9,8.5,3.5,7.6,0,0.1,1.6,2.2,1.9,2.7,4.7,1.3,0.6,0.8,1.1,1
David Wingate,1986,77,20.9,8.8,3.4,7.8,0.2,0.7,1.9,2.6,0.9,1.1,2,2,1.2,0.3,1.7,1
Johnny Dawkins,1986,81,20.8,10.3,4.1,9.4,0.2,0.6,1.9,2.4,0.7,1.4,2.1,3.6,0.8,0,1.5,1
William Bedford,1986,50,19.6,6.7,2.8,7.2,0,0,1,1.7,1.6,3.3,4.9,1.1,0.4,0.7,1.7,1
Jeff Hornacek,1986,80,19.5,5.3,2,4.4,0.2,0.5,1.2,1.5,0.5,1.8,2.3,4.5,0.9,0.1,1.9,1
Roy Tarpley,1986,75,18.7,7.5,3.1,6.7,0,0,1.3,1.9,2.4,4.7,7.1,0.7,0.8,1.1,1.4,1
Mark Price,1986,67,18.2,6.9,2.6,6.3,0.3,1,1.4,1.7,0.5,1.3,1.7,3,0.6,0.1,1.6,1
John Salley,1986,82,17.8,5.3,2,3.5,0,0,1.3,2.1,1.3,2.3,3.6,0.7,0.5,1.5,0.9,1
Mark Alarie,1986,64,17.3,7.9,3.4,6.9,0,0.1,1,1.6,1.1,2.2,3.3,1.2,0.3,0.4,0.9,1
Ben Coleman,1986,68,15.1,6.6,2.7,4.6,0,0,1.3,1.8,1.5,2.8,4.2,0.5,0.5,0.5,1.4,1
Larry Krystkowiak,1986,68,14.8,6.6,2.5,5.5,0,0.2,1.6,2.2,1.1,2.4,3.5,1.3,0.3,0.2,1,1
Kenny Gattison,1986,77,14.3,5.2,1.9,4,0,0,1.4,2.2,1.1,2.4,3.5,0.5,0.3,0.4,1.1,1
Tim Kempton,1986,66,14.2,4.4,1.5,3.1,0,0,1.4,2.1,1.1,1.9,2.9,0.8,0.6,0.2,0.7,1
Kevin Duckworth,1986,65,13.5,5.4,2,4.2,0,0,1.4,2.1,1.2,2.3,3.4,0.4,0.3,0.3,1.2,1
Mike Brown,1986,62,13.2,4.2,1.7,3.2,0,0,0.7,1.2,1.1,2.3,3.5,0.4,0.3,0.1,0.9,1
Billy Thompson,1986,59,12.9,5.6,2.4,4.4,0,0,0.8,1.3,1.2,1.7,2.9,1,0.3,0.5,1,1
Rafael Addison,1986,62,11.5,5.8,2.4,5.3,0.3,0.8,0.8,1,0.7,1,1.7,0.7,0.4,0.1,0.9,1
Johnny Newman,1986,59,10.7,5,1.9,4.7,0,0.4,1.1,1.3,0.6,0.6,1.2,0.5,0.3,0.1,0.8,1
Dell Curry,1986,67,9.5,4.9,2.1,4.9,0.3,0.9,0.4,0.6,0.4,0.7,1.2,0.9,0.4,0.1,0.7,1
Buck Johnson,1986,60,8.7,3.8,1.6,3.4,0,0,0.7,1,0.6,0.8,1.5,0.7,0.3,0.3,0.6,1
Dave Feitl,1986,62,8,3.7,1.4,3.3,0,0,0.9,1.1,0.6,1.3,1.9,0.4,0.1,0.1,0.6,1
Patrick Ewing,1985,50,35.4,20,7.7,16.3,0,0.1,4.5,6.1,2.5,6.5,9,2,1.1,2.1,3.4,0
Keith Lee,1985,58,20.6,7.4,3.1,6.6,0,0.2,1.3,1.7,2,4.1,6.1,1.2,0.5,0.6,1.3,0
Carey Scurry,1985,78,15,4.7,1.8,3.9,0,0.1,1,1.6,1.2,1.9,3.1,1.1,1,0.8,1.2,0
Dirk Minniefield,1985,76,14.9,5.5,2.2,4.6,0.1,0.5,1,1.2,0.6,1.2,1.7,3.5,0.9,0,1.4,0
Alfredrick Hughes,1985,68,12.7,5.2,2.2,5.5,0,0.3,0.7,1.2,0.7,0.9,1.7,0.9,0.4,0.1,0.9,0
Ken Johnson,1985,64,12.7,4.1,1.8,3.3,0,0,0.6,1.3,1.4,2.4,3.8,0.3,0.2,0.3,0.9,0
Pete Williams,1985,53,10.8,2.8,1.3,2.1,0,0,0.3,0.8,0.9,1.9,2.8,0.3,0.4,0.4,0.4,0
Bill Martin,1985,66,10.5,5,2.2,4.5,0,0.1,0.7,0.8,0.6,0.9,1.5,0.8,0.3,0.1,0.9,0
Fred Cofield,1985,45,10.4,3.7,1.7,4.1,0.1,0.3,0.3,0.4,0.1,0.9,1,1.8,0.4,0.1,1.1,0
Dwayne McClain,1985,45,10.2,3.5,1.5,4,0,0.2,0.4,0.8,0.3,0.4,0.7,1.5,0.8,0.1,0.9,0
Lorenzo Charles,1985,36,7.6,3.4,1.4,2.4,0,0,0.7,1,0.4,0.7,1.1,0.2,0.1,0.2,0.5,0
Xavier McDaniel,1985,82,33,17.1,7,14.3,0,0.1,3,4.4,3.7,4.2,8,2.4,1.2,0.5,3,1
Wayman Tisdale,1985,81,28.1,14.7,6.4,12.4,0,0,2,2.9,2.4,4.9,7.2,1,0.4,0.5,2.3,1
Benoit Benjamin,1985,79,26.4,11.1,4.1,8.4,0,0,2.9,3.9,2,5.6,7.6,1,0.8,2.6,1.8,1
Gerald Wilkins,1985,81,25,12.5,5.4,11.5,0.1,0.3,1.6,2.9,1.1,1.4,2.6,2,0.8,0.1,1.9,1
Charles Oakley,1985,77,23,9.6,3.6,7,0,0,2.3,3.5,3.3,5.3,8.6,1.7,0.9,0.4,2.3,1
Jon Koncak,1985,82,20.7,8.3,3.2,6.3,0,0,1.9,3.1,2.1,3.6,5.7,0.7,0.5,0.8,1.4,1
Ed Pinckney,1985,80,20,8.5,3.2,5.7,0,0,2.1,3.2,1.2,2.7,3.9,1.1,0.9,0.5,1.9,1
A.C. Green,1985,82,18.8,6.4,2.5,4.7,0,0.1,1.2,2,2,2.7,4.6,0.7,0.6,0.6,1.2,1
Bob Thornton,1985,71,18.6,4.7,1.8,3.9,0,0,1.2,2.3,1.6,2.5,4.1,0.6,0.4,0.1,1.2,1
Terry Catledge,1985,64,17.1,7.7,3.2,6.7,0,0.1,1.4,2.2,1.7,2.6,4.3,0.3,0.5,0.1,1.1,1
Spud Webb,1985,79,15.6,7.8,2.5,5.2,0,0.1,2.7,3.5,0.3,1.2,1.6,4.3,1,0.1,2,1
Terry Porter,1985,79,15.4,7.1,2.7,5.7,0.2,0.5,1.6,2,0.4,1,1.5,2.5,1,0,1.3,1
Joe Kleine,1985,80,14.8,5.2,2,4.3,0,0,1.2,1.6,1.4,3.3,4.7,0.6,0.3,0.4,1.3,1
John Battle,1985,64,10,4.3,1.6,3.5,0,0.1,1.2,1.6,0.2,0.8,1,1.2,0.4,0.1,0.7,1
Jerry Reynolds,1985,55,9.2,3.7,1.3,2.9,0,0,1.1,1.9,0.7,0.8,1.5,1.6,0.8,0.3,0.9,1
Steve Harris,1985,57,8.5,4.5,1.8,4.1,0,0.1,0.9,0.9,0.4,0.6,1,0.9,0.4,0.1,0.6,1
Sam Vincent,1985,57,7.6,3.2,1,2.8,0,0.1,1.1,1.2,0.2,0.6,0.8,1.2,0.3,0.1,0.9,1
Blair Rasmussen,1985,48,6.9,3.2,1.3,3.1,0,0,0.6,0.8,0.8,1.3,2,0.3,0.1,0.2,0.8,1
Terence Stansbury,1984,74,17.3,7.1,2.8,6.2,0.1,0.3,1.4,1.7,0.5,1,1.5,1.7,0.6,0.2,1.1,0
Othell Wilson,1984,74,17,4.4,1.8,3.9,0,0.2,0.7,1,0.5,1.3,1.8,2.9,1,0.2,1.3,0
Chuck Aleksinas,1984,74,15.1,5.1,2.2,4.6,0,0,0.7,1,1.2,2.5,3.6,0.5,0.2,0.2,1,0
Ozell Jones,1984,67,13.3,3.7,1.6,2.7,0,0,0.5,1.2,1,2.6,3.6,0.8,0.5,0.8,0.9,0
Devin Durrant,1984,59,12.8,5.1,1.9,4.6,0,0.1,1.2,1.7,0.8,1.3,2.1,1.4,0.3,0.2,1.3,0
Ron Cavenall,1984,53,12.3,1.5,0.5,1.6,0,0,0.4,0.7,1,2.1,3.1,0.4,0.2,0.8,0.8,0
Lancaster Gordon,1984,63,10.8,4.1,1.7,4.6,0,0.1,0.6,0.8,0.4,0.6,1,1.4,0.5,0.1,1.1,0
Gary Plummer,1984,66,10.6,3.8,1.4,3.5,0,0.1,1,1.4,0.8,1.2,2,0.4,0.2,0.2,0.8,0
Kenny Fields,1984,51,10.5,3.8,1.6,3.7,0,0,0.5,0.7,0.8,0.8,1.6,0.7,0.2,0.2,0.6,0
Cory Blackwell,1984,60,9.2,3.4,1.5,4,0,0,0.5,0.9,0.7,0.9,1.6,0.4,0.4,0.1,0.7,0
Peter Thibeaux,1984,51,9,4.5,1.8,3.8,0,0,0.8,1.3,0.6,0.8,1.4,0.3,0.2,0.3,0.7,0
Steve Burtt,1984,47,8.9,4.2,1.5,4,0,0,1.1,1.6,0.2,0.4,0.6,0.4,0.5,0.1,0.7,0
Charlie Sitton,1984,43,7.1,2.1,0.9,2.2,0,0,0.3,0.6,0.6,0.8,1.4,0.6,0.2,0.1,0.4,0
Tom Scheffler,1984,39,6.9,1.3,0.5,1.3,0,0,0.3,0.5,0.5,1.5,1.9,0.3,0.2,0.3,0.4,0
Willie White,1984,39,6,3.3,1.3,3.2,0.1,0.3,0.5,0.8,0.4,0.5,0.9,0.7,0.1,0.1,0.8,0
Vern Fleming,1984,80,31.1,14.1,5.4,11.5,0,0.1,3.3,4.2,1.9,2.2,4,3.1,1.2,0.1,2.5,1
Sam Bowie,1984,76,29.2,10,3.9,7.3,0,0,2.1,3,2.7,5.9,8.6,2.8,0.7,2.7,2.3,1
Sam Perkins,1984,82,28.3,11,4.2,9,0.1,0.4,2.4,3,2.3,5.1,7.4,1.6,0.8,0.8,1.2,1
Jay Humphries,1984,80,25.8,8.8,3.5,7.8,0.1,0.3,1.8,2.1,0.4,1.7,2.1,4.4,1.3,0.1,2.1,1
Otis Thorpe,1984,82,23.4,12.8,5,8.4,0,0,2.8,4.5,2.3,4.5,6.8,1.4,0.4,0.5,2.3,1
Kevin Willis,1984,82,21.8,9.3,3.9,8.4,0,0.1,1.5,2.2,2.2,4.2,6.4,0.4,0.4,0.6,1.3,1
Michael Cage,1984,75,21.5,7.1,2.9,5.3,0,0,1.3,1.8,1.7,3.5,5.2,0.7,0.6,0.4,1.1,1
Alvin Robertson,1984,79,21.3,9.2,3.8,7.6,0.1,0.1,1.6,2.1,1.5,1.9,3.4,3.5,1.6,0.3,2.1,1
Tim McCormick,1984,78,20.3,9.3,3.4,6.2,0,0,2.4,3.4,1.9,3.2,5.1,1,0.2,0.4,1.5,1
Charles Jones,1984,78,20.1,8.4,3,5.8,0,0.1,2.3,3.6,1.8,3.3,5.1,1.6,0.6,0.8,1.8,1
Jeff Turner,1984,72,19.8,5.8,2.4,5.2,0,0,1.1,1.3,1.2,1.8,3,1.5,0.4,0.1,1.3,1
Tony Brown,1984,82,19.3,6.6,2.6,5.7,0,0.1,1.4,2.1,1.8,1.7,3.5,1.9,0.7,0.1,1.4,1
Antoine Carr,1984,62,19.3,8,3.2,6,0,0.1,1.6,2.1,1.3,2.5,3.7,1.3,0.5,1.3,1.7,1
Steve Colter,1984,78,18.7,7.1,2.8,6.1,0.3,0.9,1.3,1.7,0.5,1.4,1.9,3.1,1,0.1,1.4,1
Ken Bannister,1984,75,18.7,6.8,2.8,5.9,0,0,1.2,2.6,1.4,3,4.4,0.5,0.5,0.5,1.9,1
Ron Anderson,1984,36,14.4,5.8,2.3,5.4,0,0.1,1.1,1.4,1.1,1.4,2.4,0.9,0.3,0.2,0.9,1
Frank Brickowski,1984,78,14.3,4.9,1.9,3.9,0,0.1,1.1,1.6,1,2.4,3.3,1.3,0.4,0.2,1.3,1
Jerome Kersey,1984,77,12.4,6.1,2.3,4.8,0,0,1.5,2.4,1.2,1.4,2.7,0.8,0.6,0.4,0.9,1
Jim Petersen,1984,60,11.9,3.2,1.2,2.4,0,0,0.8,1.1,0.7,1.7,2.5,0.5,0.2,0.5,1.2,1
Tony Campbell,1984,56,11.2,5.6,2.3,4.7,0,0,1,1.3,0.7,0.9,1.6,0.4,0.5,0.1,1.2,1
Bernard Thompson,1984,59,9.1,3.3,1.3,3.6,0,0.1,0.7,0.9,0.6,0.7,1.3,0.9,0.5,0.2,0.6,1
Leon Wood,1984,38,7.1,3.2,1.3,3.5,0.1,0.8,0.5,0.7,0.1,0.4,0.5,1.2,0.2,0,0.7,1
Rick Carlisle,1984,38,4.7,1.8,0.7,1.8,0,0.1,0.4,0.4,0.2,0.3,0.6,0.7,0.1,0,0.5,1
Paul Thompson,1983,82,21.1,9,3.8,8.1,0.1,0.5,1.4,1.8,1.5,2.3,3.8,1.5,0.8,0.5,0.9,0
Rod Foster,1983,80,17.8,8.3,3.3,7.3,0.3,1.1,1.5,1.9,0.5,1,1.5,2.2,0.7,0.1,1.4,0
Jim Thomas,1983,72,16.9,6.3,2.6,5.6,0,0.2,1.1,1.5,0.8,1.3,2.1,1.8,0.8,0.1,1,0
Sidney Lowe,1983,78,15.9,4.2,1.4,3.3,0,0.2,1.4,1.8,0.4,1.2,1.6,3.4,1.2,0.1,1.4,0
Howard Carter,1983,55,12.5,6.2,2.6,5.7,0.1,0.3,0.9,1.1,0.7,0.9,1.6,1.3,0.3,0.1,0.8,0
Dane Suttle,1983,40,11.7,6.5,2.7,5.4,0,0.1,1,1.2,0.5,0.6,1.2,1.2,0.5,0,0.8,0
Scooter McCray,1983,47,11.1,2.7,1,2.6,0,0,0.7,1.1,1,1.5,2.4,0.9,0.2,0.4,0.7,0
Leroy Combs,1983,48,9.3,4.5,1.7,3.4,0,0.1,1.2,1.9,0.4,0.8,1.2,0.8,0.5,0.4,1,0
Larry Micheaux,1983,39,8.5,3.1,1.3,2.3,0,0,0.5,1,1,1.9,2.9,0.5,0.5,0.3,0.5,0
Bruce Kuczenski,1983,15,7.9,1.9,0.7,2.5,0,0,0.5,0.8,0.5,1.1,1.5,0.5,0.1,0.1,1,0
Russell Cross,1983,45,7.9,3.7,1.4,2.5,0,0,0.8,2,0.8,1,1.8,0.5,0.3,0.2,0.4,0
Steve Stipanovich,1983,81,30,12,4.8,10.1,0,0.2,2.3,3,1.4,5.5,6.9,2.1,0.9,0.8,2,1
Ennis Whatley,1983,80,27,8.4,3.3,7,0,0,1.8,2.5,0.8,1.7,2.5,8.3,1.5,0.2,3.4,1
Rodney McCray,1983,79,26.3,10.8,4.2,8.5,0,0.1,2.3,3.2,2.2,3.5,5.7,2.2,0.7,0.7,1.5,1
Mitchell Wiggins,1983,82,25.9,12.4,4.9,10.9,0.1,0.4,2.6,3.5,1.7,2.3,4,2.3,1.3,0.1,1.7,1
Thurl Bailey,1983,81,24.8,8.5,3.7,7.3,0,0,1.1,1.4,1.4,4.3,5.7,1.6,0.5,1.5,1.3,1
Jeff Malone,1983,81,24.4,12.1,5,11.3,0.3,0.9,1.8,2.1,0.7,1.2,1.9,1.9,0.3,0.2,1.4,1
Doc Rivers,1983,81,23.9,9.3,3.1,6.7,0,0.1,3.1,4,0.9,1.8,2.7,3.9,1.6,0.4,2.1,1
Roy Hinson,1983,80,23.2,5.5,2.3,4.6,0,0,0.9,1.5,2.2,4.1,6.2,0.9,0.4,1.8,1.4,1
Byron Scott,1983,74,22.1,10.6,4.5,9.3,0.1,0.5,1.5,1.9,0.7,1.5,2.2,2.4,1.1,0.3,1.6,1
Derek Harper,1983,82,20.9,5.7,2.4,5.5,0,0.3,0.8,1.2,0.6,1.5,2.1,2.9,1.2,0.3,1.4,1
Fred Roberts,1983,79,19.4,7.3,2.7,5.1,0,0.1,1.8,2.2,1.3,2.6,3.8,1.2,0.7,0.5,1.3,1
Jon Sundvold,1983,73,17.6,6.9,3,6.7,0.1,0.5,0.9,1,0.3,0.9,1.2,3.3,0.4,0,1.1,1
Darrell Walker,1983,82,16.1,7.9,2.6,6.3,0,0.2,2.5,3.2,0.9,1.1,2,3.5,1.6,0.2,2.4,1
Dale Ellis,1983,67,15.8,8.2,3.4,7.4,0.2,0.4,1.3,1.8,1.6,2.1,3.7,0.8,0.6,0.1,1.2,1
Darren Daye,1983,75,15.7,6.1,2.4,5.4,0,0.1,1.3,1.8,1.2,1.3,2.5,2.3,0.5,0.2,1.3,1
Randy Wittman,1983,78,13.7,4.5,2.1,4.1,0,0.1,0.4,0.6,0.2,0.7,0.9,0.9,0.2,0,0.4,1
Sidney Green,1983,49,13.6,5.2,2,4.7,0,0,1.1,1.6,1.2,2.4,3.6,0.5,0.4,0.3,1.2,1
Granville Waiters,1983,78,13.3,3.6,1.6,3.1,0,0,0.4,0.7,0.8,2.1,2.9,0.8,0.3,1.1,0.8,1
Sedale Threatt,1983,45,10.3,3.3,1.4,3.3,0,0.2,0.5,0.6,0.4,0.5,0.9,0.9,0.3,0,0.7,1
John Paxson,1983,49,9.3,2.9,1.2,2.8,0.1,0.4,0.3,0.5,0.1,0.6,0.7,3,0.2,0,0.7,1
Randy Breuer,1983,57,8.3,2.9,1.2,3.1,0,0,0.6,0.8,0.8,1.1,1.9,0.3,0.2,0.7,0.6,1
Pace Mannion,1983,57,8.2,2.1,0.9,2.2,0.1,0.2,0.3,0.4,0.4,0.6,1,0.8,0.4,0,0.4,1
Bob Hansen,1983,55,7.6,2.7,1.2,2.6,0,0.1,0.3,0.5,0.2,0.6,0.9,0.8,0.3,0.1,0.6,1
Greg Kite,1983,35,5.6,1.9,0.9,1.9,0,0,0.1,0.5,0.8,1,1.8,0.2,0,0.1,0.6,1
Rob Williams,1982,74,19.5,7,2.6,6.3,0,0.2,1.8,2.4,0.5,1.3,1.8,4.9,1.2,0.2,2.5,0
Jerry Eaves,1982,82,19.4,9.3,3.4,7,0,0.1,2.4,3,0.4,1.1,1.5,2.6,0.6,0,1.9,0
Bill Garnett,1982,75,18.8,6.3,2.3,4.3,0,0,1.7,2.3,1.9,3.5,5.4,1.4,0.6,0.9,1.1,0
Jeff Taylor,1982,44,17.6,3.6,1.5,3.6,0,0,0.7,1,0.6,1.2,1.8,2.5,0.9,0.3,1.4,0
Bryan Warrick,1982,43,16.9,4,1.5,4,0,0.1,1,1.3,0.3,1.3,1.6,2.9,0.5,0.2,1.6,0
Russ Schoene,1982,77,15.9,6.2,2.7,5.6,0,0.1,0.8,1.1,1.2,2.1,3.3,0.8,0.3,0.3,1.1,0
Bruce Flowers,1982,53,13.2,4.9,2.1,3.9,0,0,0.8,1,1.3,2.1,3.4,0.9,0.4,0.2,0.8,0
Corny Thompson,1982,44,11.8,2.8,1,3.1,0,0,0.8,1,0.9,1.8,2.7,0.8,0.3,0.2,0.7,0
Walker Russell,1982,68,11.1,2.7,1,2.7,0,0.3,0.7,0.9,0.3,0.8,1.1,1.9,0.2,0,1.4,0
Dave Batton,1982,54,10.3,3.3,1.6,3.5,0,0.1,0.1,0.3,0.8,1.4,2.2,0.5,0.3,0.2,0.5,0
Darren Tillis,1982,52,10.1,3.2,1.5,3.5,0,0,0.3,0.5,0.8,1.7,2.5,0.3,0.1,0.6,0.4,0
Linton Townes,1982,55,9.4,4.5,1.9,4.3,0.2,0.5,0.5,0.7,0.5,0.6,1.2,0.6,0.3,0.1,0.6,0
Eddie Phillips,1982,48,8.7,3.2,1.2,2.9,0,0,0.8,1.2,0.6,1,1.6,0.6,0.3,0.2,1,0
Jim Johnstone,1982,23,8.3,1.3,0.5,1.3,0,0,0.4,0.9,0.7,1.3,2,0.5,0.1,0.3,0.7,0
Jose Slaughter,1982,63,8.2,3.6,1.4,3.8,0.1,0.7,0.6,0.9,0.5,0.5,1.1,0.8,0.6,0.1,0.7,0
Rickey Williams,1982,44,7.9,3.3,1.3,3.1,0,0.1,0.8,1.2,0.3,0.5,0.9,0.8,0.5,0.1,0.9,0
Oliver Robinson,1982,35,4.2,2.9,1,2.8,0,0.3,0.9,1.3,0.2,0.3,0.5,0.6,0.1,0.1,0.4,0
Terry Cummings,1982,70,36.2,23.7,9.8,18.7,0,0,4.2,5.9,4.3,6.3,10.6,2.5,1.8,0.9,2.9,1
Clark Kellogg,1982,81,34.1,20.1,8.4,17.5,0,0.2,3.2,4.3,4.2,6.4,10.6,2.8,1.7,0.5,2.7,1
Quintin Dailey,1982,76,27.4,15.1,6.2,13.3,0.1,0.3,2.7,3.7,1.1,2.3,3.4,3.7,0.9,0.1,2.7,1
Rod Higgins,1982,82,26.8,10.3,3.8,8.5,0.2,0.5,2.5,3.2,1.9,2.5,4.5,2.1,0.8,0.8,1.6,1
Craig Hodges,1982,76,26.6,9.9,4.2,9.3,0.3,1.2,1.2,1.7,0.7,0.9,1.6,3.6,1.1,0.1,2.1,1
Trent Tucker,1982,78,23.5,8.4,3.8,8.3,0.2,0.4,0.6,0.8,1,1.8,2.8,2.5,0.7,0.1,0.9,1
Terry Teagle,1982,73,23.4,10.4,4.5,10.6,0.1,0.4,1.2,1.7,1,1.6,2.7,2.1,0.7,0.3,1.9,1
Marc Iavaroni,1982,80,20.2,5.1,2,4.4,0,0,1,1.4,1.5,2.7,4.1,1,0.4,0.6,1.7,1
Ed Nealy,1982,82,20,4.4,1.8,3,0,0,0.9,1.4,2.1,3.8,5.9,0.8,0.8,0.1,0.6,1
Paul Pressey,1982,79,19.3,6.7,2.7,5.9,0,0.1,1.3,2.2,1.1,2.5,3.6,2.6,1.3,0.6,2,1
Lester Conner,1982,75,18.9,4.9,1.9,4,0,0.1,1.1,1.5,0.9,2,2.9,3.4,1.6,0.1,1.3,1
Mark Eaton,1982,81,18.9,4.3,1.8,4.4,0,0,0.7,1.1,1.1,4.6,5.7,1.4,0.3,3.4,1.7,1
Sleepy Floyd,1982,76,16.4,8.1,3,6.9,0.1,0.3,2,2.4,0.7,1.1,1.8,1.8,0.8,0.2,1.4,1
Richard Anderson,1982,78,16.3,5.2,2.2,5.5,0.1,0.2,0.6,0.9,1.4,2.1,3.5,1.5,0.7,0.3,1.2,1
John Bagley,1982,68,14.6,5.7,2.4,5.5,0,0.2,0.9,1.2,0.3,1.2,1.4,2.5,0.8,0.1,1.7,1
Cliff Levingston,1982,62,14.2,5.6,2.1,4.4,0,0,1.4,2.4,1.7,2.1,3.7,0.8,0.4,0.6,1.2,1
LaSalle Thompson,1982,71,13.9,5.4,2.1,4,0,0,1.3,1.9,1.9,3.4,5.3,0.5,0.6,0.9,1.4,1
David Thirdkill,1982,49,10.6,4,1.5,3.5,0,0.1,0.9,1.6,0.6,0.9,1.5,0.7,0.4,0.1,1,1
Brook Steppe,1982,62,9.8,4,1.4,2.8,0,0.1,1.2,1.6,0.4,0.8,1.2,1.1,0.4,0.1,0.9,1
Rory White,1982,65,9.6,5,2,3.6,0,0,1.1,1.7,0.7,0.9,1.6,0.5,0.3,0,0.8,1
Chris Engler,1982,54,6.8,1.5,0.7,1.7,0,0,0.1,0.3,0.8,1.1,1.9,0.2,0.1,0.3,0.4,1
Ricky Pierce,1982,39,6.8,2.2,0.8,2.3,0,0.2,0.5,0.8,0.4,0.5,0.9,0.4,0.2,0.1,0.5,1
Mark McNamara,1982,36,5.1,2.2,0.8,1.8,0,0,0.6,1.3,0.9,1.2,2.1,0.2,0.1,0.1,1,1
Scott Hastings,1982,31,4.5,1.2,0.4,1.2,0,0.1,0.4,0.6,0.5,0.8,1.3,0.1,0.2,0,0.3,1
Rudy Macklin,1981,79,19.2,7,2.7,6.1,0,0,1.7,2.2,1.4,1.9,3.3,0.6,0.5,0.3,1.4,0
Jim Brogan,1981,63,16.3,6.3,2.6,5.8,0.1,0.5,1,1.3,1,0.9,1.9,2.5,0.8,0.2,1.3,0
John Douglas,1981,64,16.1,7,2.8,6.1,0.3,0.9,1,1.6,0.4,1,1.4,2.3,0.8,0.1,1.4,0
Kevin Loder,1981,71,16,6.9,2.9,6.3,0,0.2,1.1,1.5,1,1.8,2.7,1.2,0.5,0.4,1,0
Ed Rains,1981,49,13,3.9,1.6,3.6,0,0,0.8,1.3,0.8,0.9,1.6,0.8,0.4,0,0.5,0
Jim Smith,1981,72,11.9,2.9,1.2,2.3,0,0,0.5,1.2,1,1.5,2.5,0.6,0.3,0.7,0.7,0
Ray Blume,1981,49,11.1,4.6,2.1,4.5,0.1,0.4,0.4,0.6,0.3,0.6,0.8,1.4,0.5,0,1.1,0
Garry Witts,1981,46,10.7,2.9,1.1,1.8,0,0,0.7,0.9,0.6,0.7,1.3,0.8,0.4,0.1,0.8,0
Charlie Davis,1981,54,10.6,3.8,1.6,3.4,0,0,0.6,0.7,1,1.5,2.5,0.6,0.2,0.2,0.8,0
Mark Radford,1981,43,8.6,3.4,1.3,2.3,0,0.1,0.8,1.6,0.3,0.4,0.7,1.3,0.4,0.1,1,0
Alex Bradley,1981,39,8.5,3.5,1.4,2.6,0,0,0.7,1.2,0.8,0.9,1.7,0.3,0.3,0.1,0.7,0
Howard Wood,1981,42,8.1,3.4,1.3,2.9,0,0,0.8,1.2,0.5,1,1.5,0.2,0.2,0.1,0.4,0
Bobby Cattage,1981,49,6.9,3.1,1.2,2.8,0,0,0.6,0.8,0.4,1,1.5,0.1,0.1,0,0.4,0
Charles Bradley,1981,51,6.6,3,1.1,2.4,0,0,0.8,1.2,0.2,0.5,0.7,0.4,0.3,0.1,0.7,0
Kelly Tripucka,1981,82,37.5,21.6,7.8,15.6,0.1,0.3,6,7.6,2.7,2.7,5.4,3.3,1.1,0.2,3.4,1
Buck Williams,1981,82,34.5,15.5,6.3,10.7,0,0,3,4.7,4.2,8,12.3,1.3,1,1,2.9,1
Tom Chambers,1981,81,33.1,17.2,6.8,13,0,0,3.5,5.7,2.6,4.3,6.9,1.8,0.7,0.6,2.7,1
Jay Vincent,1981,81,32.4,21.4,8.9,17.9,0,0,3.6,5,2.2,4.7,7,2.2,1.1,0.3,2.4,1
Mark Aguirre,1981,51,28.8,18.7,7.5,16.1,0.5,1.4,3.3,4.8,1.7,3.1,4.9,3.2,0.7,0.4,2.6,1
Herb Williams,1981,82,27.8,11.5,5,10.4,0,0.1,1.5,2.3,2.1,5.2,7.4,1.7,0.7,2.2,1.7,1
Jeff Ruland,1981,82,27,14.4,5.1,9.1,0,0,4.2,5.5,3.1,6.2,9.3,1.6,0.5,0.7,2.9,1
Frank Johnson,1981,79,25.7,10.7,4.3,10.3,0.2,1,1.9,2.6,0.4,1.4,1.9,4.8,1,0.1,2,1
Elston Turner,1981,80,25,8.3,3.5,8,0,0.1,1.2,1.7,1.8,2,3.8,2.4,0.9,0,1.4,1
Steve Johnson,1981,78,22.3,12.8,5.1,8.3,0,0,2.7,4.2,1.9,3.9,5.9,1.2,0.5,1.1,2.5,1
Albert King,1981,76,22.3,12.1,5.1,10.7,0,0.2,1.8,2.3,1.4,2.7,4.1,1.9,0.8,0.5,2.4,1
Gene Banks,1981,80,21.3,9.6,3.9,8.2,0,0.1,1.8,2.7,2,3.2,5.1,1.8,0.7,0.2,1.3,1
Eddie Johnson,1981,74,20.5,9.3,4,8.7,0,0.1,1.3,2,1.7,2.6,4.4,1.5,0.7,0.2,1.3,1
Kurt Rambis,1981,64,17.7,4.6,1.8,3.6,0,0,0.9,1.8,1.8,3.6,5.4,0.9,0.9,1.2,1.2,1
Kurt Nimphius,1981,63,17.2,5.3,2.2,4.7,0,0,1,1.7,1.5,3.2,4.7,1,0.3,1.3,0.9,1
Darnell Valentine,1981,82,16.9,6.4,2.3,5.5,0,0.1,1.9,2.4,0.6,1.2,1.8,3.3,1.1,0,1.6,1
Orlando Woolridge,1981,75,15.8,7.3,2.7,5.3,0,0,1.9,2.7,1.1,1.9,3,1.1,0.3,0.3,1.4,1
Alton Lister,1981,80,14.8,4.5,1.9,3.6,0,0,0.8,1.5,1.4,3.5,4.8,1.1,0.2,1.5,1.6,1
Larry Nance,1981,80,14.8,6.6,2.8,5.5,0,0,0.9,1.5,1.2,2,3.2,1,0.5,0.9,1.3,1
Danny Vranes,1981,77,14,4.9,1.9,3.4,0,0,1.2,1.9,0.9,1.6,2.6,0.7,0.4,0.3,0.9,1
Jeff Lamp,1981,54,11.4,4.6,1.9,3.6,0,0,0.9,1.1,0.4,0.7,1.2,0.5,0.3,0,0.8,1
Danny Ainge,1981,53,10.6,4.1,1.5,4.2,0.1,0.3,1.1,1.2,0.5,0.6,1.1,1.6,0.7,0.1,1,1
Mike McGee,1981,39,9,4.9,2.1,4.4,0,0.1,0.8,1.4,0.9,0.4,1.3,0.4,0.5,0.1,0.9,1
Franklin Edwards,1981,42,6.9,3.6,1.5,3.6,0,0.2,0.5,0.6,0.2,0.4,0.6,1.1,0.4,0.1,0.6,1
Kevin McKenna,1981,36,6.6,1.9,0.8,2.4,0,0.1,0.3,0.5,0.5,0.3,0.8,0.4,0.3,0.1,0.6,1
Cedrick Hordges,1980,68,23.5,8.4,3.3,7.1,0,0,1.9,2.7,1.8,5,6.7,1.5,0.5,0.3,1.8,0
Calvin Garrett,1980,70,23.4,6.1,2.7,5.9,0,0,0.7,0.9,1.2,2.6,3.8,1.9,0.7,0.1,1.3,0
Reggie Johnson,1980,79,21.7,10.2,4.3,8.6,0,0,1.6,2.4,1.7,2.9,4.5,1,0.6,0.6,1.6,0
Lowes Moore,1980,71,19.8,7,3,6.7,0.1,0.4,1,1.3,0.6,1.8,2.4,3.2,0.9,0.2,1.5,0
Wayne Robinson,1980,81,19.7,7.9,2.9,6.3,0,0.1,2.2,3,1.4,2.2,3.6,1.4,0.6,0.3,1.8,0
Sam Worthen,1980,64,14.8,3.7,1.5,3,0,0.1,0.7,0.9,0.3,1.5,1.8,1.8,0.9,0.1,1.4,0
John Duren,1980,40,11.5,1.8,0.8,2.5,0,0,0.1,0.2,0.2,0.7,0.9,1.4,0.5,0.1,0.9,0
James Wilkes,1980,48,11.3,4.1,1.8,3.8,0,0,0.6,0.9,0.8,1.3,2,0.6,0.5,0.3,0.7,0
Dewayne Scales,1980,44,11,4.9,2.1,5.1,0,0.1,0.6,0.9,1.1,1.9,3,0.2,0.3,0.1,0.7,0
Craig Shelton,1980,55,10.7,4.3,1.8,4,0,0,0.6,1.1,1.1,1.4,2.5,0.5,0.3,0.1,1.1,0
Billy Reid,1980,59,10.1,3.2,1.4,3.1,0,0.1,0.4,0.7,0.5,0.6,1,1.2,0.6,0.1,1.3,0
Reggie Carter,1980,60,8.9,2.8,1,3,0,0.1,0.9,1.2,0.5,0.7,1.2,1.3,0.4,0,0.6,0
Mike Harper,1980,55,8.4,2.7,1,2.5,0,0.1,0.7,1.5,0.5,1.2,1.7,0.3,0.4,0.4,0.6,0
Mike Niles,1980,44,5.3,2.6,1.1,3.1,0,0.1,0.4,0.8,0.6,0.7,1.3,0.3,0.2,0,0.6,0
Joe Barry Carroll,1980,82,35.6,18.9,7.5,15.3,0,0,3.8,5.4,3.3,5.9,9.3,1.4,0.6,1.5,3,1
Darrell Griffith,1980,81,35.4,20.6,8.8,19.1,0.1,0.6,2.8,4,1,2.6,3.6,2.4,1.3,0.5,2.9,1
Larry Smith,1980,82,31.4,9.6,3.7,7.2,0,0,2.2,3.7,5.3,6.8,12.1,1.1,0.8,0.8,1.8,1
Mike O'Koren,1980,79,31.3,11,4.6,9.5,0.1,0.2,1.7,2.7,2.3,3.8,6.1,3.2,1.1,0.3,1.9,1
Kelvin Ransey,1980,80,30.4,15.2,6.6,14.5,0,0.4,2.1,2.7,0.5,1.9,2.4,6.9,1.1,0.1,2.9,1
Bill Laimbeer,1980,81,30.4,9.8,4.2,8.3,0,0,1.4,1.9,3.3,5.3,8.6,2.7,0.7,1,1.6,1
Michael Brooks,1980,82,30.2,14.7,6,12.4,0,0.1,2.8,3.9,2.6,2.8,5.4,2.5,1.2,0.4,2,1
Mike Gminski,1980,56,28.2,13.2,5.2,12.3,0,0,2.8,3.6,2.4,5,7.5,1.3,1,1.8,2.3,1
Darwin Cook,1980,81,24.4,11.2,4.7,10.1,0.1,0.3,1.6,2.2,1.2,1.7,2.9,3.7,1.7,0.4,2.2,1
Andrew Toney,1980,75,23.6,12.9,5.3,10.7,0.1,0.4,2.1,3,0.4,1.5,1.9,3.6,0.8,0.1,2.9,1
Don Collins,1980,81,22.8,11.5,4.4,10,0,0.1,2.6,3.4,1.6,1.7,3.3,2.3,1.3,0.3,2.1,1
Louis Orr,1980,82,21.8,10.5,4.2,8.6,0,0.1,2,2.5,2.1,2.3,4.4,1.6,0.7,0.3,1.5,1
Larry Drew,1980,76,20.8,6.6,2.6,6.4,0.1,0.2,1.4,1.8,0.3,1.3,1.6,3.3,1.2,0.1,2.2,1
Johnny Moore,1980,82,19.2,7.4,3,6.3,0,0.2,1.3,2.1,0.7,1.7,2.4,4.5,1.5,0.3,1.9,1
Jeff Wilkins,1980,56,18.9,4.7,2.1,4.6,0,0,0.5,0.7,1.1,3.8,4.9,0.7,0.6,0.8,1.1,1
Kyle Macy,1980,82,17.9,8.1,3.3,6.5,0.1,0.6,1.3,1.5,0.5,1.1,1.6,2,0.9,0.1,1.2,1
Bill Hanzlik,1980,74,17,5.4,1.9,3.9,0,0.1,1.6,2,0.9,1.2,2.1,1.5,0.8,0.3,1.1,1
Edgar Jones,1980,60,15.8,8.7,3.2,6,0,0.1,2.4,3.6,1.5,2.9,4.4,0.7,0.6,1.4,1.7,1
Lorenzo Romar,1980,53,13.7,4.1,1.6,4,0,0.1,0.8,1.2,0.2,0.9,1.1,2.6,0.5,0.1,1,1
Rick Mahorn,1980,52,13.4,4.8,2.1,4.2,0,0,0.5,0.8,1.3,2.8,4.1,0.5,0.4,0.8,0.7,1
Rickey Brown,1980,45,12.9,4,1.8,3.6,0,0,0.4,0.5,1.2,2.5,3.7,0.5,0.2,0.3,0.7,1
Butch Carter,1980,54,12.4,5.6,2.1,4.6,0.1,0.2,1.3,1.8,0.6,0.6,1.2,1,0.4,0,0.9,1
Mike Woodson,1980,81,11.7,4.7,2,4.6,0,0.1,0.6,0.8,0.4,0.8,1.2,0.9,0.4,0.1,0.7,1
Earl Cureton,1980,52,10.2,4.2,1.8,3.9,0,0,0.6,1.2,1,2,3,0.5,0.4,0.4,0.6,1
Jerry Sichting,1980,47,9.6,2,0.7,2,0,0.1,0.5,0.7,0.2,0.7,0.9,1.5,0.5,0,0.6,1